Geneid	Genesymbol
ENSG00000238009.7	ENSG00000238009
ENSG00000233750.3	CICP27
ENSG00000268903.1	ENSG00000268903
ENSG00000223181.1	RNU6-1199P
ENSG00000237491.10	LINC01409
ENSG00000290784.1	ENSG00000290784
ENSG00000177757.2	FAM87B
ENSG00000225880.6	LINC00115
ENSG00000234711.1	TUBB8P11
ENSG00000187634.13	SAMD11
ENSG00000188976.11	NOC2L
ENSG00000188290.11	HES4
ENSG00000188157.15	AGRN
ENSG00000242590.1	ENSG00000242590
ENSG00000131591.18	C1orf159
ENSG00000176022.7	B3GALT6
ENSG00000184163.3	C1QTNF12
ENSG00000160087.21	UBE2J2
ENSG00000169972.13	PUSL1
ENSG00000127054.22	INTS11
ENSG00000189409.14	MMP23B
ENSG00000248333.9	CDK11B
ENSG00000231050.3	GNB1-DT
ENSG00000271746.1	ENSG00000271746
ENSG00000049245.13	VAMP3
ENSG00000049246.15	PER3
ENSG00000236266.1	ENSG00000236266
ENSG00000049247.14	UTS2
ENSG00000284747.1	ENSG00000284747
ENSG00000116285.13	ERRFI1
ENSG00000171612.7	SLC25A33
ENSG00000189337.17	KAZN
ENSG00000132881.12	CPLANE2
ENSG00000117122.14	MFAP2
ENSG00000117115.13	PADI2
ENSG00000169991.11	IFFO2
ENSG00000162482.5	AKR7A3
ENSG00000215520.3	RPS4XP4
ENSG00000158828.8	PINK1
ENSG00000284005.1	MIR6084
ENSG00000117242.7	PINK1-AS
ENSG00000117245.13	KIF17
ENSG00000189266.13	PNRC2
ENSG00000169504.15	CLIC4
ENSG00000188672.19	RHCE
ENSG00000158008.10	EXTL1
ENSG00000142669.15	SH3BGRL3
ENSG00000198830.12	HMGN2
ENSG00000204160.12	ZDHHC18
ENSG00000214973.3	CHCHD3P3
ENSG00000197989.15	SNHG12
ENSG00000284748.1	ENSG00000284748
ENSG00000116954.8	RRAGC
ENSG00000168389.18	MFSD2A
ENSG00000227311.3	RPL21P20
ENSG00000224751.2	SHMT1P1
ENSG00000198520.12	ARMH1
ENSG00000186603.7	HPDL
ENSG00000230896.1	ENSG00000230896
ENSG00000197587.12	DMBX1
ENSG00000123472.13	ATPAF1
ENSG00000198841.4	KTI12
ENSG00000085840.13	ORC1
ENSG00000162378.13	ZYG11B
ENSG00000228929.1	RPS13P2
ENSG00000226754.3	MAGOH-DT
ENSG00000116212.16	LRRC42
ENSG00000116221.15	MRPL37
ENSG00000162407.9	PLPP3
ENSG00000225475.1	ENSG00000225475
ENSG00000172456.18	FGGY
ENSG00000125703.15	ATG4C
ENSG00000235804.2	ENSG00000235804
ENSG00000116704.8	SLC35D1
ENSG00000024526.17	DEPDC1
ENSG00000154027.19	AK5
ENSG00000232676.1	ADH5P2
ENSG00000142875.21	PRKACB
ENSG00000142871.18	CCN1
ENSG00000097046.13	CDC7
ENSG00000067208.17	EVI5
ENSG00000137942.18	FNBP1L
ENSG00000023909.10	GCLM
ENSG00000227034.1	ENSG00000227034
ENSG00000283761.1	ENSG00000283761
ENSG00000156875.14	MFSD14A
ENSG00000156876.10	SASS6
ENSG00000215871.2	ENSG00000215871
ENSG00000079335.20	CDC14A
ENSG00000224613.7	RNPC3-DT
ENSG00000187733.7	AMY1C
ENSG00000224550.1	NDUFA4P1
ENSG00000116266.11	STXBP3
ENSG00000121940.17	CLCC1
ENSG00000197106.7	SLC6A17
ENSG00000260948.1	ENSG00000260948
ENSG00000081026.19	MAGI3
ENSG00000232499.2	ENSG00000232499
ENSG00000116815.16	CD58
ENSG00000231072.1	GAPDHP64
ENSG00000065183.16	WDR3
ENSG00000215864.6	NBPF7P
ENSG00000265808.4	SEC22B
ENSG00000290569.1	ENSG00000290569
ENSG00000270231.5	NBPF8
ENSG00000293296.1	PFN1P2
ENSG00000275131.5	PDE4DIPP2
ENSG00000290999.1	ENSG00000290999
ENSG00000223345.6	H2BP1
ENSG00000179571.10	NBPF17P
ENSG00000289549.1	PPIAL4D
ENSG00000236140.1	ENSG00000236140
ENSG00000162825.18	NBPF20
ENSG00000272150.6	NBPF25P
ENSG00000117262.19	GPR89A
ENSG00000265491.5	RNF115
ENSG00000271425.9	NBPF10
ENSG00000264343.7	NOTCH2NLA
ENSG00000291242.1	ENSG00000291242
ENSG00000289321.1	ENSG00000289321
ENSG00000291243.1	ENSG00000291243
ENSG00000227242.4	ENSG00000227242
ENSG00000225603.3	ENSG00000225603
ENSG00000230832.3	SSBL4P
ENSG00000131791.8	PRKAB2
ENSG00000278811.4	LINC00624
ENSG00000213226.4	ENSG00000213226
ENSG00000116128.12	BCL9
ENSG00000289419.1	ENSG00000289419
ENSG00000274372.5	ENSG00000274372
ENSG00000232265.8	LINC02805
ENSG00000227733.12	ENSG00000227733
ENSG00000252656.1	RN7SKP88
ENSG00000273591.1	7SK
ENSG00000178096.9	BOLA1
ENSG00000014914.21	MTMR11
ENSG00000283933.1	MIR6878
ENSG00000143369.15	ECM1
ENSG00000143375.15	CGN
ENSG00000197747.9	S100A10
ENSG00000237008.2	LAPTM4BP1
ENSG00000197956.10	S100A6
ENSG00000173207.13	CKS1B
ENSG00000236263.1	ENSG00000236263
ENSG00000232519.2	ENSG00000232519
ENSG00000143320.9	CRABP2
ENSG00000163565.20	IFI16
ENSG00000213080.3	ENSG00000213080
ENSG00000143252.17	SDHC
ENSG00000230175.1	ENSG00000230175
ENSG00000224837.1	GCSHP5
ENSG00000143178.13	TBX19
ENSG00000213063.3	RPL29P7
ENSG00000116194.13	ANGPTL1
ENSG00000116199.12	FAM20B
ENSG00000135838.14	NPL
ENSG00000135842.17	NIBAN1
ENSG00000163362.11	INAVA
ENSG00000277681.1	MIR6739
ENSG00000163545.11	NUAK2
ENSG00000235363.1	SNRPGP10
ENSG00000158715.6	SLC45A3
ENSG00000196550.11	FAM72A
ENSG00000266028.8	SRGAP2
ENSG00000196352.18	CD55
ENSG00000143493.13	INTS7
ENSG00000143494.16	VASH2
ENSG00000136636.13	KCTD3
ENSG00000233012.3	HDAC1P2
ENSG00000186063.13	AIDA
ENSG00000290989.1	ENSG00000290989
ENSG00000236773.1	ENSG00000236773
ENSG00000270598.1	ENSG00000270598
ENSG00000199352.1	RNA5S1
ENSG00000069248.12	NUP133
ENSG00000223393.2	ENSG00000223393
ENSG00000143633.13	C1orf131
ENSG00000168243.11	GNG4
ENSG00000237991.3	RPL35P1
ENSG00000230199.1	ENSG00000230199
ENSG00000253326.2	ENSG00000253326
ENSG00000291217.1	LINC01347
ENSG00000143702.17	CEP170
ENSG00000232085.1	ENSG00000232085
ENSG00000185220.12	PGBD2
ENSG00000200495.1	RNU6-1205P
ENSG00000235078.1	ENSG00000235078
ENSG00000151694.15	ADAM17
ENSG00000162976.13	SLC66A3
ENSG00000169016.17	E2F6
ENSG00000233718.9	MYCNOS
ENSG00000134323.13	MYCN
ENSG00000213403.2	CISD1P1
ENSG00000183891.6	TTC32
ENSG00000225024.1	RPL37P11
ENSG00000176714.10	CCDC121
ENSG00000213639.11	PPP1CB
ENSG00000163806.16	SPDYA
ENSG00000172954.14	LCLAT1
ENSG00000242272.1	AK2P2
ENSG00000162959.14	MEMO1
ENSG00000021574.15	SPAST
ENSG00000288994.1	ENSG00000288994
ENSG00000205086.8	LINC02898
ENSG00000279873.2	LINC01126
ENSG00000138075.14	ABCG5
ENSG00000236824.2	BCYRN1
ENSG00000289065.1	ENSG00000289065
ENSG00000163001.12	CFAP36
ENSG00000028116.18	VRK2
ENSG00000115392.13	FANCL
ENSG00000233891.8	ENSG00000233891
ENSG00000234488.1	RPL27P6
ENSG00000169621.11	APLF
ENSG00000198380.13	GFPT1
ENSG00000232228.1	RPL36AP16
ENSG00000087338.5	GMCL1
ENSG00000135617.4	PRADC1
ENSG00000124356.17	STAMBP
ENSG00000286739.2	ENSG00000286739
ENSG00000224646.2	RPS28P5
ENSG00000231781.1	ENSG00000231781
ENSG00000115525.18	ST3GAL5
ENSG00000233205.1	WBP1P2
ENSG00000232508.1	MRPL45P1
ENSG00000232931.6	LINC00342
ENSG00000204685.9	STARD7-AS1
ENSG00000237837.1	ENSG00000237837
ENSG00000196912.13	ANKRD36B
ENSG00000228486.11	C2orf92
ENSG00000071073.13	MGAT4A
ENSG00000231822.1	SMC3P1
ENSG00000115526.11	CHST10
ENSG00000204637.4	ARPP19P2
ENSG00000115539.14	PDCL3
ENSG00000204634.13	TBC1D8
ENSG00000158435.8	CNOT11
ENSG00000071054.17	MAP4K4
ENSG00000115616.3	SLC9A2
ENSG00000071051.14	NCK2
ENSG00000119147.10	ECRG4
ENSG00000224061.1	SRSF3P4
ENSG00000153165.19	RGPD3
ENSG00000144057.16	ST6GAL2
ENSG00000196228.5	SULT1C3
ENSG00000153201.17	RANBP2
ENSG00000163006.12	CCDC138
ENSG00000227470.1	RPL39P16
ENSG00000135960.10	EDAR
ENSG00000186522.15	SEPTIN10
ENSG00000237916.1	RPL37P12
ENSG00000198142.5	SOWAHC
ENSG00000233707.3	RPL22P11
ENSG00000015568.13	RGPD5
ENSG00000144061.14	NPHP1
ENSG00000175701.11	MTLN
ENSG00000169679.15	BUB1
ENSG00000172965.17	MIR4435-2HG
ENSG00000153094.26	BCL2L11
ENSG00000226928.1	RPS14P4
ENSG00000223973.3	PAFAH1B1P2
ENSG00000153107.13	ANAPC1
ENSG00000153208.19	MERTK
ENSG00000153214.11	TMEM87B
ENSG00000144161.14	ZC3H8
ENSG00000286545.1	ENSG00000286545
ENSG00000188177.15	ZC3H6
ENSG00000169629.12	RGPD8
ENSG00000125630.16	POLR1B
ENSG00000207383.1	Y_RNA
ENSG00000231747.1	ENSG00000231747
ENSG00000237753.2	SLC20A1-DT
ENSG00000144136.11	SLC20A1
ENSG00000144130.12	NT5DC4
ENSG00000169607.13	CKAP2L
ENSG00000136688.11	IL36G
ENSG00000136682.16	ZNG1B
ENSG00000136720.7	HS6ST1
ENSG00000217289.3	ENSG00000217289
ENSG00000227632.2	ENSG00000227632
ENSG00000136718.10	IMP4
ENSG00000196834.14	POTEI
ENSG00000152102.18	FAM168B
ENSG00000115762.17	PLEKHB2
ENSG00000232742.3	RHOQP2
ENSG00000273073.1	ENSG00000273073
ENSG00000173272.16	MZT2A
ENSG00000075886.11	TUBA3D
ENSG00000284149.1	MIR4784
ENSG00000152117.19	SMPD4BP
ENSG00000293311.1	SMPD4BP
ENSG00000121988.18	ZRANB3
ENSG00000227347.1	HNRNPKP2
ENSG00000234645.3	YWHAEP5
ENSG00000288066.1	ENSG00000288066
ENSG00000230562.3	FAM133DP
ENSG00000241399.7	CD302
ENSG00000287091.1	ENSG00000287091
ENSG00000153250.21	RBMS1
ENSG00000230918.3	DPP4-DT
ENSG00000231445.1	TIMM8AP1
ENSG00000231550.1	PTCHD3P2
ENSG00000214369.2	CYB5AP2
ENSG00000198586.14	TLK1
ENSG00000290018.1	ENSG00000290018
ENSG00000235655.3	H3P6
ENSG00000144320.14	LNPK
ENSG00000218175.2	ENSG00000218175
ENSG00000079156.17	OSBPL6
ENSG00000238082.1	NUDCP2
ENSG00000079150.19	FKBP7
ENSG00000150722.11	PPP1R1C
ENSG00000222418.1	RNA5SP113
ENSG00000162999.13	DUSP19
ENSG00000189362.12	NEMP2
ENSG00000138378.20	STAT4
ENSG00000288064.1	ENSG00000288064
ENSG00000227542.1	MYO1B-AS1
ENSG00000128641.19	MYO1B
ENSG00000230482.1	ATP5MC2P3
ENSG00000287299.1	ENSG00000287299
ENSG00000082153.18	BZW1
ENSG00000213090.2	SCYL2P1
ENSG00000204217.16	BMPR2
ENSG00000138442.11	WDR12
ENSG00000144426.19	NBEAL1
ENSG00000204196.5	RPL12P16
ENSG00000138443.17	ABI2
ENSG00000234491.1	HNRNPA1P51
ENSG00000144401.14	METTL21A
ENSG00000178385.15	PLEKHM3
ENSG00000138376.11	BARD1
ENSG00000115425.14	PECR
ENSG00000115457.10	IGFBP2
ENSG00000115657.14	ABCB6
ENSG00000284820.1	ENSG00000284820
ENSG00000127824.15	TUBA4A
ENSG00000123992.20	DNPEP
ENSG00000234446.3	ENSG00000234446
ENSG00000135903.20	PAX3
ENSG00000288658.2	ENSG00000288658
ENSG00000123983.15	ACSL3
ENSG00000135919.14	SERPINE2
ENSG00000153832.12	FBXO36
ENSG00000135932.12	CAB39
ENSG00000185038.15	MROH2A
ENSG00000188542.10	DUSP28
ENSG00000168393.13	DTYMK
ENSG00000224239.1	ENSG00000224239
ENSG00000134077.16	THUMPD3
ENSG00000144712.13	CAND2
ENSG00000289809.2	ENSG00000289809
ENSG00000234123.1	RHBDF1P1
ENSG00000213383.2	PP1P
ENSG00000077092.20	RARB
ENSG00000151092.18	NGLY1
ENSG00000151093.8	OXSM
ENSG00000293322.1	ENSG00000293322
ENSG00000271943.5	TPM4P2
ENSG00000283563.1	ENSG00000283563
ENSG00000144642.22	RBMS3
ENSG00000237676.1	RPL30P4
ENSG00000136059.16	VILL
ENSG00000188846.14	RPL14
ENSG00000168038.11	ULK4
ENSG00000164045.12	CDC25A
ENSG00000183396.4	TMEM89
ENSG00000213600.3	ENSG00000213600
ENSG00000114378.17	HYAL1
ENSG00000248487.10	ABHD14A
ENSG00000114786.16	ABHD14A-ACY1
ENSG00000243989.9	ACY1
ENSG00000227224.1	RPS25P4
ENSG00000114251.15	WNT5A
ENSG00000174839.13	DENND6A
ENSG00000225673.3	TMED2P1
ENSG00000224479.7	CDHR18P
ENSG00000271266.1	LAPTM4BP2
ENSG00000172986.13	GXYLT2
ENSG00000163605.16	PPP4R2
ENSG00000243674.1	OR7E66P
ENSG00000244026.9	FAM86DP
ENSG00000240964.3	RN7SL751P
ENSG00000083937.10	CHMP2B
ENSG00000064225.13	ST3GAL6
ENSG00000081148.12	IMPG2
ENSG00000175841.8	ARB2BP
ENSG00000144802.11	NFKBIZ
ENSG00000240375.1	VPS26AP1
ENSG00000163617.11	CCDC191
ENSG00000288074.1	ENSG00000288074
ENSG00000243014.1	PTMAP8
ENSG00000163389.12	POGLUT1
ENSG00000138495.7	COX17
ENSG00000082701.17	GSK3B
ENSG00000051341.15	POLQ
ENSG00000287207.1	ENSG00000287207
ENSG00000273033.2	LINC02035
ENSG00000284421.1	MIR7110
ENSG00000172780.17	RAB43
ENSG00000261796.1	ISY1-RAB43
ENSG00000289469.2	ENSG00000289469
ENSG00000293535.2	ENSG00000293535
ENSG00000228252.10	COL6A4P2
ENSG00000114019.15	AMOTL2
ENSG00000182923.20	CEP63
ENSG00000288700.2	ENSG00000288700
ENSG00000158186.13	MRAS
ENSG00000242104.6	ENSG00000242104
ENSG00000228398.3	HMGN2P25
ENSG00000244009.1	B3GAT3P1
ENSG00000286994.1	ENSG00000286994
ENSG00000214192.3	UBE2V1P2
ENSG00000201822.1	RNA5SP149
ENSG00000242140.1	MATR3P2
ENSG00000043093.15	DCUN1D1
ENSG00000293259.1	ENSG00000293259
ENSG00000113790.11	EHHADH
ENSG00000213139.8	CRYGS
ENSG00000127241.18	MASP1
ENSG00000232610.1	CCT6P4
ENSG00000185112.6	FAM43A
ENSG00000215837.7	SDHAP2
ENSG00000235897.1	TM4SF19-AS1
ENSG00000163964.18	PIGX
ENSG00000174007.9	CEP19
ENSG00000214135.11	SDHAP4
ENSG00000272602.6	ZNF595
ENSG00000289361.1	ENSG00000289361
ENSG00000250312.8	ZNF718
ENSG00000182903.16	ZNF721
ENSG00000174227.16	PIGG
ENSG00000185619.19	PCGF3
ENSG00000249592.7	PCGF3-AS1
ENSG00000178950.18	GAK
ENSG00000145214.14	DGKQ
ENSG00000145217.14	SLC26A1
ENSG00000127415.13	IDUA
ENSG00000280927.1	CTBP1-AS
ENSG00000159692.18	CTBP1
ENSG00000196810.6	CTBP1-DT
ENSG00000090316.16	MAEA
ENSG00000254094.1	ENSG00000254094
ENSG00000253399.1	ENSG00000253399
ENSG00000244459.4	ENSG00000244459
ENSG00000174137.14	FAM53A
ENSG00000163950.13	SLBP
ENSG00000013810.21	TACC3
ENSG00000168936.12	TMEM129
ENSG00000068078.20	FGFR3
ENSG00000109685.19	NSD2
ENSG00000185049.16	NELFA
ENSG00000284587.1	MIR943
ENSG00000243449.8	NICOL1
ENSG00000185818.8	NAT8L
ENSG00000290263.1	ENSG00000290263
ENSG00000214367.10	HAUS3
ENSG00000123933.17	MXD4
ENSG00000063978.17	RNF4
ENSG00000125386.16	FAM193A
ENSG00000168884.15	TNIP2
ENSG00000087274.19	ADD1
ENSG00000109736.15	MFSD10
ENSG00000249673.9	NOP14-AS1
ENSG00000087269.16	NOP14
ENSG00000125388.20	GRK4
ENSG00000159788.20	RGS12
ENSG00000184160.8	ADRA2C
ENSG00000290374.1	FAM86EP
ENSG00000251669.7	FAM86EP
ENSG00000173040.13	EVC2
ENSG00000202054.1	RNA5SP152
ENSG00000250268.3	ALG1L14P
ENSG00000229924.3	FAM90A26
ENSG00000109743.11	BST1
ENSG00000137441.8	FGFBP2
ENSG00000007062.12	PROM1
ENSG00000250076.1	MAPRE1P2
ENSG00000169299.14	PGM2
ENSG00000109814.12	UGDH
ENSG00000287182.1	ENSG00000287182
ENSG00000179299.17	NSUN7
ENSG00000259959.1	ENSG00000259959
ENSG00000109171.15	SLAIN2
ENSG00000075539.15	FRYL
ENSG00000248256.1	OCIAD1-AS1
ENSG00000109184.15	DCUN1D4
ENSG00000188993.4	LRRC66
ENSG00000109189.13	USP46
ENSG00000248866.1	USP46-DT
ENSG00000212588.1	SNORA26
ENSG00000226887.8	ERVMER34-1
ENSG00000128045.7	RASL11B
ENSG00000184178.17	SCFD2
ENSG00000145216.17	FIP1L1
ENSG00000072201.14	LNX1
ENSG00000109220.11	CHIC2
ENSG00000134851.13	TMEM165
ENSG00000134852.15	CLOCK
ENSG00000090989.18	EXOC1
ENSG00000286599.1	ENSG00000286599
ENSG00000174799.12	CEP135
ENSG00000109265.15	CRACD
ENSG00000200741.1	RNA5SP161
ENSG00000128059.8	PPAT
ENSG00000270147.1	ENSG00000270147
ENSG00000128050.9	PAICS
ENSG00000174780.17	SRP72
ENSG00000249693.3	SPMAP2L
ENSG00000084093.19	REST
ENSG00000269949.1	ENSG00000269949
ENSG00000150471.17	ADGRL3
ENSG00000180673.9	EXOC5P1
ENSG00000248049.8	UBA6-DT
ENSG00000270292.1	ENSG00000270292
ENSG00000109163.7	GNRHR
ENSG00000083896.13	YTHDC1
ENSG00000132467.4	UTP3
ENSG00000018189.13	RUFY3
ENSG00000132463.15	GRSF1
ENSG00000173542.9	MOB1B
ENSG00000156136.10	DCK
ENSG00000080493.19	SLC4A4
ENSG00000163626.17	COX18
ENSG00000132466.20	ANKRD17
ENSG00000249976.2	ENSG00000249976
ENSG00000163631.19	ALB
ENSG00000182585.10	EPGN
ENSG00000163743.14	RCHY1
ENSG00000138757.15	G3BP2
ENSG00000138768.15	USO1
ENSG00000138744.16	NAAA
ENSG00000198301.12	SDAD1
ENSG00000138750.16	NUP54
ENSG00000138771.16	SHROOM3
ENSG00000233860.2	SHROOM3-AS1
ENSG00000138758.12	SEPTIN11
ENSG00000234036.4	TXNP6
ENSG00000118816.11	CCNI
ENSG00000289443.1	ENSG00000289443
ENSG00000289496.2	ENSG00000289496
ENSG00000138764.15	CCNG2
ENSG00000138767.14	CNOT6L
ENSG00000169288.18	MRPL1
ENSG00000163291.14	PAQR3
ENSG00000163297.18	ANTXR2
ENSG00000244002.1	RPSAP39
ENSG00000250826.2	HNRNPA3P13
ENSG00000138668.20	HNRNPD
ENSG00000272677.3	HNRNPD-DT
ENSG00000152795.18	HNRNPDL
ENSG00000293008.1	ENSG00000293008
ENSG00000227304.4	ENSG00000227304
ENSG00000251022.6	THAP9-AS1
ENSG00000168152.13	THAP9
ENSG00000189308.11	LIN54
ENSG00000286035.1	ENSG00000286035
ENSG00000163312.11	HELQ
ENSG00000163319.11	MRPS18C
ENSG00000163322.14	ABRAXAS1
ENSG00000151247.13	EIF4E
ENSG00000197894.12	ADH5
ENSG00000213522.4	RAC1P5
ENSG00000138794.10	CASP6
ENSG00000164093.18	PITX2
ENSG00000145365.12	TIFA
ENSG00000196656.8	ENSG00000196656
ENSG00000293227.1	ENSG00000293227
ENSG00000269893.10	SNHG8
ENSG00000164109.14	MAD2L1
ENSG00000164056.11	SPRY1
ENSG00000138709.20	LARP1B
ENSG00000109381.21	ELF2
ENSG00000172007.7	RAB33B
ENSG00000250698.1	ENSG00000250698
ENSG00000151617.17	EDNRA
ENSG00000071205.12	ARHGAP10
ENSG00000287642.3	ENSG00000287642
ENSG00000137460.10	FHDC1
ENSG00000164105.4	SAP30
ENSG00000168556.7	ING2
ENSG00000182552.15	RWDD4
ENSG00000260774.1	ENSG00000260774
ENSG00000028310.18	BRD9
ENSG00000251532.1	ENSG00000251532
ENSG00000186493.14	IRX2-DT
ENSG00000124275.15	MTRR
ENSG00000150756.14	ATPSCKMT
ENSG00000248699.1	ENSG00000248699
ENSG00000250332.1	PTPN11P4
ENSG00000226432.3	AKTIPP2
ENSG00000040731.10	CDH10
ENSG00000248391.6	LINC02064
ENSG00000082213.18	C5orf22
ENSG00000133401.16	PDZD2
ENSG00000249774.1	ENSG00000249774
ENSG00000250764.1	ENSG00000250764
ENSG00000113384.14	GOLPH3
ENSG00000272086.2	GOLPH3-DT
ENSG00000150712.11	MTMR12
ENSG00000113387.12	SUB1
ENSG00000113407.14	TARS1
ENSG00000250767.1	FHP2
ENSG00000039560.14	RAI14
ENSG00000113456.20	RAD1
ENSG00000113460.13	BRIX1
ENSG00000168724.18	DNAJC21
ENSG00000164187.7	LMBRD2
ENSG00000145604.17	SKP2
ENSG00000152620.13	NADK2
ENSG00000164188.9	RANBP3L
ENSG00000285967.1	NIPBL-DT
ENSG00000164190.19	NIPBL
ENSG00000197603.16	CPLANE1
ENSG00000242493.3	RN7SL37P
ENSG00000286193.3	CPLANE1-AS1
ENSG00000270558.1	ENSG00000270558
ENSG00000113569.16	NUP155
ENSG00000082068.9	WDR70
ENSG00000248234.1	ENSG00000248234
ENSG00000164327.14	RICTOR
ENSG00000153071.15	DAB2
ENSG00000113638.14	TTC33
ENSG00000132356.12	PRKAA1
ENSG00000145592.14	RPL37
ENSG00000205765.10	RIMOC1
ENSG00000151876.13	FBXO4
ENSG00000250722.6	SELENOP
ENSG00000249092.1	PPIAP77
ENSG00000172262.12	ZNF131
ENSG00000112972.15	HMGCS1
ENSG00000261604.1	ENSG00000261604
ENSG00000151881.15	TMEM267
ENSG00000172244.9	C5orf34
ENSG00000172239.14	PAIP1
ENSG00000112992.18	NNT
ENSG00000224993.3	RPL29P12
ENSG00000070193.5	FGF10
ENSG00000112996.11	MRPS30
ENSG00000272335.1	ENSG00000272335
ENSG00000248898.4	PELO-AS1
ENSG00000152684.11	PELO
ENSG00000213949.10	ITGA1
ENSG00000240052.1	ENSG00000240052
ENSG00000185305.12	ARL15
ENSG00000134352.21	IL6ST
ENSG00000095015.6	MAP3K1
ENSG00000225230.1	ENSG00000225230
ENSG00000155545.20	MIER3
ENSG00000062194.16	GPBP1
ENSG00000049167.16	ERCC8
ENSG00000188725.8	SMIM15
ENSG00000251279.3	SMIM15-AS1
ENSG00000130449.6	ZSWIM6
ENSG00000068796.19	KIF2A
ENSG00000086189.11	DIMT1
ENSG00000145642.12	SHISAL2B
ENSG00000153006.16	SREK1IP1
ENSG00000123219.13	CENPK
ENSG00000113593.12	PPWD1
ENSG00000113595.15	TRIM23
ENSG00000113597.18	TRAPPC13
ENSG00000197860.10	SGTB
ENSG00000123213.23	NLN
ENSG00000112851.16	ERBIN
ENSG00000153914.16	SREK1
ENSG00000253744.1	ENSG00000253744
ENSG00000145675.16	PIK3R1
ENSG00000145740.20	SLC30A5
ENSG00000280187.2	ENSG00000280187
ENSG00000153044.10	CENPH
ENSG00000213830.3	CFL1P5
ENSG00000085231.14	AK6
ENSG00000273841.6	TAF9
ENSG00000152942.19	RAD17
ENSG00000152939.17	MARVELD2
ENSG00000183474.16	GTF2H2C
ENSG00000172058.16	SERF1A
ENSG00000172062.17	SMN1
ENSG00000253900.1	CDH12P4
ENSG00000250387.3	LINC02197
ENSG00000113048.19	MRPS27
ENSG00000049883.15	PTCD2
ENSG00000083312.19	TNPO1
ENSG00000263593.1	MIR4804
ENSG00000242602.1	RPL35AP13
ENSG00000157107.14	FCHO2
ENSG00000251493.5	FOXD1
ENSG00000247993.2	FOXD1-AS1
ENSG00000255883.1	FUNDC2P1
ENSG00000164331.10	ANKRA2
ENSG00000164338.10	UTP15
ENSG00000171617.16	ENC1
ENSG00000049860.14	HEXB
ENSG00000164346.10	NSA2
ENSG00000198780.13	FAM169A
ENSG00000250071.1	ARPC1AP3
ENSG00000113163.19	CERT1
ENSG00000181104.7	F2R
ENSG00000164252.13	AGGF1
ENSG00000132846.6	ZBED3
ENSG00000251400.1	ALDH7A1P1
ENSG00000164253.14	WDR41
ENSG00000244363.3	RPL7P23
ENSG00000113273.17	ARSB
ENSG00000132837.15	DMGDH
ENSG00000152409.9	JMY
ENSG00000152413.15	HOMER1
ENSG00000177034.18	MTX3
ENSG00000249825.6	THBS4-AS1
ENSG00000184188.6	ENSG00000184188
ENSG00000228716.7	DHFR
ENSG00000247572.9	CKMT2-AS1
ENSG00000131732.12	ZCCHC9
ENSG00000186468.13	RPS23
ENSG00000271862.1	ENSG00000271862
ENSG00000038427.16	VCAN
ENSG00000249835.2	VCAN-AS1
ENSG00000284078.1	SNORD138
ENSG00000134480.17	CCNH
ENSG00000285190.1	ENSG00000285190
ENSG00000164180.14	TMEM161B
ENSG00000176018.13	LYSMD3
ENSG00000281357.5	ARRDC3-AS1
ENSG00000286121.1	ENSG00000286121
ENSG00000113391.19	ARB2A
ENSG00000185261.16	KIAA0825
ENSG00000251544.1	MTND5P12
ENSG00000254132.1	MTND6P3
ENSG00000251340.1	MTCYBP35
ENSG00000164292.13	RHOBTB3
ENSG00000173221.14	GLRX
ENSG00000270232.1	MTCYBP22
ENSG00000271687.1	MTND5P10
ENSG00000270350.1	MTND4LP5
ENSG00000275374.1	GUSBP19
ENSG00000273957.1	ENSG00000273957
ENSG00000145725.21	PPIP5K2
ENSG00000164211.13	STARD4
ENSG00000185641.6	ENSG00000185641
ENSG00000197744.5	PTMAP2
ENSG00000283498.1	MIR1244-2
ENSG00000249494.6	DMXL1-DT
ENSG00000164904.18	ALDH7A1
ENSG00000250859.1	HNRNPKP1
ENSG00000230561.7	CCDC192
ENSG00000164404.9	GDF9
ENSG00000152377.15	SPOCK1
ENSG00000131508.17	UBE2D2
ENSG00000255622.4	PCDHB17P
ENSG00000290893.1	ENSG00000290893
ENSG00000253846.3	PCDHGA10
ENSG00000183775.11	KCTD16
ENSG00000275765.6	ENSG00000275765
ENSG00000145860.13	RNF145
ENSG00000113327.17	GABRG2
ENSG00000188573.8	FBLL1
ENSG00000204764.14	RANBP17
ENSG00000051596.10	THOC3
ENSG00000289731.3	ENSG00000289731
ENSG00000251623.4	ENSG00000251623
ENSG00000251458.1	ENSG00000251458
ENSG00000290935.1	ENSG00000290935
ENSG00000248596.8	ENSG00000248596
ENSG00000283559.3	CEP192P1
ENSG00000146083.12	RNF44
ENSG00000170074.21	FAM153A
ENSG00000197451.12	HNRNPAB
ENSG00000198939.8	ZFP2
ENSG00000177932.7	ZNF354C
ENSG00000293215.1	ENSG00000293215
ENSG00000225051.6	HMGB3P22
ENSG00000221394.1	MIR1229
ENSG00000161011.20	SQSTM1
ENSG00000248275.4	TRIM52-AS1
ENSG00000183718.6	TRIM52
ENSG00000286310.1	ENSG00000286310
ENSG00000287265.1	ENSG00000287265
ENSG00000124535.16	WRNIP1
ENSG00000124588.22	NQO2
ENSG00000145945.7	FAM50B
ENSG00000272142.4	LYRM4-AS1
ENSG00000219993.1	RPS26P29
ENSG00000096696.17	DSP
ENSG00000153157.14	SYCP2L
ENSG00000197977.4	ELOVL2
ENSG00000078401.7	EDN1
ENSG00000124523.17	SIRT5
ENSG00000219582.3	HNRNPA1P58
ENSG00000112293.15	GPLD1
ENSG00000111802.14	TDP2
ENSG00000112304.11	ACOT13
ENSG00000272345.1	ENSG00000272345
ENSG00000112308.14	C6orf62
ENSG00000272402.1	ENSG00000272402
ENSG00000288851.1	ENSG00000288851
ENSG00000112312.10	GMNN
ENSG00000214975.4	PPIAP29
ENSG00000219682.4	ENSG00000219682
ENSG00000079691.19	CARMIL1
ENSG00000286933.1	ENSG00000286933
ENSG00000272462.4	LINC02980
ENSG00000197061.5	H4C3
ENSG00000291338.1	ENSG00000291338
ENSG00000283064.1	H2BC6-AS1
ENSG00000274618.2	H4C6
ENSG00000291104.1	BTN2A3P
ENSG00000112763.17	BTN2A1
ENSG00000182952.5	HMGN4
ENSG00000181315.11	ZNF322
ENSG00000197238.5	H4C11
ENSG00000291008.1	ENSG00000291008
ENSG00000219891.4	ZSCAN12P1
ENSG00000226314.9	ZKSCAN8P1
ENSG00000216901.1	ZNF603P
ENSG00000237425.1	RPSAP2
ENSG00000235559.1	NOP56P1
ENSG00000213880.3	RPL7AP7
ENSG00000228078.1	HLA-U
ENSG00000237669.1	ENSG00000237669
ENSG00000284370.1	MIR4640
ENSG00000204516.10	MICB
ENSG00000273333.2	ENSG00000273333
ENSG00000276404.1	MIR6835
ENSG00000124507.11	PACSIN1
ENSG00000124664.11	SPDEF
ENSG00000216636.1	RPL7P25
ENSG00000112130.17	RNF8
ENSG00000112167.11	SAYSD1
ENSG00000217165.1	ANKRD18EP
ENSG00000112658.8	SRF
ENSG00000112796.10	ENPP5
ENSG00000180113.16	TDRD6
ENSG00000146070.17	PLA2G7
ENSG00000112144.16	CILK1
ENSG00000112208.11	BAG2
ENSG00000283453.3	PRIM2BP
ENSG00000290597.1	ENSG00000290597
ENSG00000198225.6	FKBP1C
ENSG00000112245.14	PTP4A1
ENSG00000285976.4	ENSG00000285976
ENSG00000218890.1	NUFIP1P1
ENSG00000218350.1	LYPLA1P3
ENSG00000112706.12	IMPG1
ENSG00000218418.2	ENSG00000218418
ENSG00000220267.1	ACTBP8
ENSG00000154548.9	SRSF12
ENSG00000118689.15	FOXO3
ENSG00000185250.16	PPIL6
ENSG00000135587.9	SMPD2
ENSG00000155115.7	GTF3C6
ENSG00000255389.1	ENSG00000255389
ENSG00000010810.18	FYN
ENSG00000219758.6	ENSG00000219758
ENSG00000196591.12	HDAC2
ENSG00000189241.8	TSPYL1
ENSG00000111885.7	MAN1A1
ENSG00000203760.9	CENPW
ENSG00000228495.3	LINC01013
ENSG00000118523.6	CCN2
ENSG00000029363.17	BCLAF1
ENSG00000293239.1	ENSG00000293239
ENSG00000213089.4	PDCL3P5
ENSG00000131016.17	AKAP12
ENSG00000112031.16	MTRF1L
ENSG00000235381.1	ENSG00000235381
ENSG00000122335.17	SERAC1
ENSG00000285427.1	SOD2-OT1
ENSG00000120437.9	ACAT2
ENSG00000071242.13	RPS6KA2
ENSG00000227704.3	ENSG00000227704
ENSG00000232640.1	ENSG00000232640
ENSG00000106268.16	NUDT1
ENSG00000283991.1	ENSG00000283991
ENSG00000164638.11	SLC29A4
ENSG00000075618.18	FSCN1
ENSG00000122512.17	PMS2
ENSG00000106305.10	AIMP2
ENSG00000086232.13	EIF2AK1
ENSG00000240718.3	RN7SL851P
ENSG00000106346.12	USP42
ENSG00000008256.17	CYTH3
ENSG00000286075.3	SAGSIN1
ENSG00000178397.13	FAM220A
ENSG00000274319.1	RPSAP73
ENSG00000136238.20	RAC1
ENSG00000164535.15	DAGLB
ENSG00000136240.10	KDELR2
ENSG00000136247.15	ZDHHC4
ENSG00000232581.1	ENSG00000232581
ENSG00000146576.13	INTS15
ENSG00000236609.4	ZNF853
ENSG00000205903.7	ZNF316
ENSG00000164631.19	ZNF12
ENSG00000273252.1	OR7E39P
ENSG00000006747.15	SCIN
ENSG00000235828.5	RPL36AP26
ENSG00000106524.9	ANKMY2
ENSG00000153790.12	SPMIP4
ENSG00000272568.6	CPVL-AS2
ENSG00000288973.1	ENSG00000288973
ENSG00000180233.11	ZNRF2
ENSG00000106100.11	NOD1
ENSG00000250424.4	ENSG00000250424
ENSG00000232887.1	ENSG00000232887
ENSG00000231952.3	DPY19L1P2
ENSG00000291146.1	RP9P
ENSG00000122642.11	FKBP9
ENSG00000164610.10	RP9
ENSG00000122507.21	BBS9
ENSG00000164619.10	BMPER
ENSG00000164556.7	FAM183BP
ENSG00000236015.1	TMX1P1
ENSG00000006451.8	RALA
ENSG00000228554.1	ENSG00000228554
ENSG00000270797.1	ENSG00000270797
ENSG00000233225.3	SSBP3P1
ENSG00000175741.5	RWDD4P2
ENSG00000259826.1	CDK13-DT
ENSG00000065883.18	CDK13
ENSG00000168303.9	MPLKIP
ENSG00000106571.15	GLI3
ENSG00000136197.14	C7orf25
ENSG00000106588.12	PSMA2
ENSG00000234983.1	ENSG00000234983
ENSG00000106591.4	MRPL32
ENSG00000106603.20	COA1
ENSG00000062582.14	MRPS24
ENSG00000106608.17	URGCP
ENSG00000078967.13	UBE2D4
ENSG00000290758.2	POLR2J4
ENSG00000196262.15	PPIA
ENSG00000290107.1	ENSG00000290107
ENSG00000154978.13	VOPP1
ENSG00000234844.1	CDC42P2
ENSG00000235207.1	TUBBP6
ENSG00000231317.1	ENSG00000231317
ENSG00000275875.1	ENSG00000275875
ENSG00000249773.3	ENSG00000249773
ENSG00000178665.16	ZNF713
ENSG00000146733.14	PSPH
ENSG00000279072.2	ENSG00000279072
ENSG00000233454.1	ENSG00000233454
ENSG00000234444.10	ZNF736
ENSG00000286456.3	ENSG00000286456
ENSG00000224669.1	ENSG00000224669
ENSG00000226002.1	GTF2IP14
ENSG00000290545.1	INTS4P1
ENSG00000146757.14	ZNF92
ENSG00000273024.7	INTS4P2
ENSG00000290553.1	ENSG00000290553
ENSG00000224316.1	GTF2IP5
ENSG00000237310.3	LINC03011
ENSG00000067601.11	PMS2P4
ENSG00000201565.1	Y_RNA
ENSG00000185274.13	GALNT17
ENSG00000106638.18	TBL2
ENSG00000106077.19	ABHD11
ENSG00000106682.16	EIF4H
ENSG00000263001.8	GTF2I
ENSG00000262648.1	PHB1P15
ENSG00000289346.1	ENSG00000289346
ENSG00000196275.16	GTF2IRD2
ENSG00000123965.13	PMS2P5
ENSG00000184616.12	SPDYE12
ENSG00000274070.2	CASTOR2
ENSG00000274523.5	RCC1L
ENSG00000277127.1	Metazoa_SRP
ENSG00000277675.1	ENSG00000277675
ENSG00000278416.1	PMS2P2
ENSG00000290951.1	ENSG00000290951
ENSG00000205583.15	STAG3L1
ENSG00000275930.1	Y_RNA
ENSG00000290834.1	FKBP6P2
ENSG00000146722.12	FKBP6P2
ENSG00000178809.12	TRIM73
ENSG00000230882.1	ENSG00000230882
ENSG00000091073.20	DTX2
ENSG00000233980.1	FDPSP2
ENSG00000243566.7	UPK3B
ENSG00000230305.2	ENSG00000230305
ENSG00000290873.1	LINC03009
ENSG00000146707.15	POMZP3
ENSG00000226285.1	NUP35P2
ENSG00000223770.5	CACNA2D1-AS1
ENSG00000224046.3	DMTF1-AS1
ENSG00000006634.8	DBF4
ENSG00000008277.15	ADAM22
ENSG00000105793.16	GTPBP10
ENSG00000287672.1	ENSG00000287672
ENSG00000158560.14	DYNC1I1
ENSG00000231812.1	SNRPCP9
ENSG00000213455.3	PPIAP82
ENSG00000286923.3	ENSG00000286923
ENSG00000214309.5	MBLAC1
ENSG00000292277.1	ENSG00000292277
ENSG00000213413.3	PVRIG
ENSG00000291178.1	ENSG00000291178
ENSG00000214300.7	SPDYE3
ENSG00000121716.21	PILRB
ENSG00000284012.1	MIR6840
ENSG00000106336.13	FBXO24
ENSG00000087077.14	TRIP6
ENSG00000257923.12	CUX1
ENSG00000160999.11	SH2B2
ENSG00000160993.4	ALKBH4
ENSG00000170667.16	RASA4B
ENSG00000170632.14	ARMC10
ENSG00000291139.1	DPY19L2P2
ENSG00000170629.17	DPY19L2P2
ENSG00000197258.5	EIF4BP6
ENSG00000213361.2	RPL36P12
ENSG00000253276.5	CCDC71L
ENSG00000005249.14	PRKAR2B
ENSG00000288558.3	DUS4L-BCAP29
ENSG00000231006.1	RPL7P32
ENSG00000181016.9	LSMEM1
ENSG00000196937.11	FAM3C
ENSG00000213280.2	ENSG00000213280
ENSG00000293205.1	TPI1P2
ENSG00000230359.6	TPI1P2
ENSG00000287547.1	ENSG00000287547
ENSG00000290786.1	ENSG00000290786
ENSG00000283528.2	TCAF2C
ENSG00000198420.10	TCAF1
ENSG00000239719.1	ENSG00000239719
ENSG00000241449.6	ENSG00000241449
ENSG00000213199.8	ASIC3
ENSG00000106615.10	RHEB
ENSG00000203335.5	ENSG00000203335
ENSG00000182366.11	FAM87A
ENSG00000254244.1	PAICSP4
ENSG00000271743.1	ENSG00000271743
ENSG00000249898.10	MCPH1-AS1
ENSG00000228744.1	RPS3AP30
ENSG00000284603.1	ENSG00000284603
ENSG00000284606.1	ENSG00000284606
ENSG00000284661.1	ENSG00000284661
ENSG00000244427.1	RPS3AP31
ENSG00000253893.2	FAM85B
ENSG00000104626.15	ERI1
ENSG00000183638.6	RP1L1
ENSG00000171056.8	SOX7
ENSG00000154319.16	FAM167A
ENSG00000227203.3	SUB1P1
ENSG00000287798.1	ENSG00000287798
ENSG00000205884.2	DEFB136
ENSG00000250794.2	ALG1L12P
ENSG00000145002.13	FAM86B2
ENSG00000120910.15	PPP3CC
ENSG00000246130.1	ENSG00000246130
ENSG00000173535.15	TNFRSF10C
ENSG00000197265.9	GTF2E2
ENSG00000147471.12	PLPBP
ENSG00000165061.15	ZMAT4
ENSG00000104332.12	SFRP1
ENSG00000070718.13	AP3M2
ENSG00000284062.1	MIR4469
ENSG00000248531.3	NDUFA5P12
ENSG00000198363.18	ASPH
ENSG00000253341.1	PCBP2P2
ENSG00000254162.1	ENSG00000254162
ENSG00000254331.1	CKS1BP7
ENSG00000253859.2	ENSG00000253859
ENSG00000253374.5	ENSG00000253374
ENSG00000253598.3	SLC10A5
ENSG00000280193.1	ENSG00000280193
ENSG00000156172.6	CFAP418
ENSG00000183663.6	GAPDHP30
ENSG00000156466.11	GDF6
ENSG00000252755.1	RNU6-703P
ENSG00000186106.11	ANKRD46
ENSG00000261087.1	ZNNT1
ENSG00000164929.17	BAALC
ENSG00000147650.12	LRP12
ENSG00000242206.2	RPS26P35
ENSG00000136960.13	ENPP2
ENSG00000136982.6	DSCC1
ENSG00000180938.6	ZNF572
ENSG00000253915.1	MAPRE1P1
ENSG00000184489.13	PTP4A3
ENSG00000177335.13	LY6S-AS1
ENSG00000291309.2	LY6S
ENSG00000179886.6	TIGD5
ENSG00000284200.1	MIR6847
ENSG00000185122.11	HSF1
ENSG00000284139.1	MIR1234
ENSG00000272115.1	ENSG00000272115
ENSG00000276598.1	MIR6893
ENSG00000167700.9	MFSD3
ENSG00000254533.1	ENSG00000254533
ENSG00000290885.1	ENSG00000290885
ENSG00000107104.21	KANK1
ENSG00000264530.2	RN7SL25P
ENSG00000212695.5	ENSG00000212695
ENSG00000164985.15	PSIP1
ENSG00000044459.15	CNTLN
ENSG00000147874.11	HAUS6
ENSG00000176399.4	DMRTA1
ENSG00000239392.2	ENSG00000239392
ENSG00000229207.1	SERPINH1P1
ENSG00000205143.5	ARID3C
ENSG00000215198.3	ENSG00000215198
ENSG00000198467.16	TPM2
ENSG00000213866.3	YBX1P10
ENSG00000137075.18	RNF38
ENSG00000165275.10	TRMT10B
ENSG00000289295.1	ENSG00000289295
ENSG00000183148.9	ANKRD20A2P
ENSG00000231390.1	SNX18P8
ENSG00000276462.2	LINC03025
ENSG00000273514.2	FOXD4L6
ENSG00000274349.5	ZNF658
ENSG00000196873.16	ZNG1C
ENSG00000279706.1	ENSG00000279706
ENSG00000187559.6	FOXD4L3
ENSG00000234394.8	LINC03025
ENSG00000187866.10	PABIR1
ENSG00000236998.2	ENSG00000236998
ENSG00000165060.15	FXN
ENSG00000188647.13	PTAR1
ENSG00000236801.1	RPL24P8
ENSG00000119138.5	KLF9
ENSG00000107362.14	ABHD17B
ENSG00000107372.13	ZFAND5
ENSG00000236862.1	RPS20P24
ENSG00000135045.7	C9orf40
ENSG00000156017.13	CARNMT1
ENSG00000099139.14	PCSK5
ENSG00000135002.12	RFK
ENSG00000234618.1	RPSAP9
ENSG00000106772.19	PRUNE2
ENSG00000156052.11	GNAQ
ENSG00000234819.1	ENSG00000234819
ENSG00000233086.8	LNCARSR
ENSG00000106829.21	TLE4
ENSG00000172159.16	FRMD3
ENSG00000135018.14	UBQLN1
ENSG00000254473.2	UBQLN1-AS1
ENSG00000165113.13	GKAP1
ENSG00000165115.15	KIF27
ENSG00000165119.22	HNRNPK
ENSG00000178966.17	RMI1
ENSG00000234424.2	ENSG00000234424
ENSG00000290924.1	ENSG00000290924
ENSG00000135052.16	GOLM1
ENSG00000156345.18	CDK20
ENSG00000287750.3	LINC03026
ENSG00000225385.3	ENSG00000225385
ENSG00000227638.2	HNRNPA1P14
ENSG00000213694.7	S1PR3
ENSG00000198000.12	NOL8
ENSG00000130956.14	HABP4
ENSG00000136943.12	CTSV
ENSG00000136936.11	XPA
ENSG00000241697.5	TMEFF1
ENSG00000165152.9	PGAP4
ENSG00000106701.13	FSD1L
ENSG00000198121.15	LPAR1
ENSG00000244115.1	DNAJC25-GNG10
ENSG00000266315.1	MIR4668
ENSG00000176386.9	CDC26
ENSG00000106927.12	AMBP
ENSG00000078725.13	BRINP1
ENSG00000106804.10	C5
ENSG00000204136.12	GGTA1
ENSG00000185585.20	OLFML2A
ENSG00000196152.10	ZNF79
ENSG00000095370.20	SH2D3C
ENSG00000119335.18	SET
ENSG00000167136.7	ENDOG
ENSG00000136878.14	USP20
ENSG00000277713.1	MIR6856
ENSG00000273932.1	MIR6877
ENSG00000170835.17	CEL
ENSG00000290769.1	ENSG00000290769
ENSG00000170827.10	CELP
ENSG00000148288.13	GBGT1
ENSG00000200831.1	SNORD36B
ENSG00000148291.10	SURF2
ENSG00000273249.1	WDR5-DT
ENSG00000260193.1	LINC02846
ENSG00000213221.5	DNLZ
ENSG00000233016.9	SNHG7
ENSG00000279073.3	ENSG00000279073
ENSG00000107281.10	NPDC1
ENSG00000176978.15	DPP7
ENSG00000276388.1	ENSG00000276388
ENSG00000237419.1	ENSG00000237419
ENSG00000107959.17	PITRM1
ENSG00000237399.7	PITRM1-AS1
ENSG00000196139.14	AKR1C3
ENSG00000239142.1	U8
ENSG00000225418.1	AKR1C5P
ENSG00000198610.11	AKR1C4
ENSG00000134463.15	ECHDC3
ENSG00000148426.14	PROSER2
ENSG00000123240.17	OPTN
ENSG00000187522.16	HSPA14
ENSG00000197889.10	MEIG1
ENSG00000235623.2	OR7E110P
ENSG00000152465.18	NMT2
ENSG00000120594.17	PLXDC2
ENSG00000229932.3	YWHAZP3
ENSG00000165312.7	OTUD1
ENSG00000099256.19	PRTFDC1
ENSG00000274985.1	PTCHD3P1
ENSG00000165757.9	JCAD
ENSG00000230869.1	AGAP10P
ENSG00000237840.7	FAM21FP
ENSG00000239883.10	PARGP1
ENSG00000291069.1	BMS1P1
ENSG00000189014.7	SHLD2P3
ENSG00000277758.6	SYT15B
ENSG00000289143.1	ENSG00000289143
ENSG00000204152.14	TIMM23B
ENSG00000099290.17	WASHC2A
ENSG00000204147.11	ASAH2B
ENSG00000213657.3	RPL31P44
ENSG00000096717.12	SIRT1
ENSG00000108187.16	PBLD
ENSG00000156521.14	TYSND1
ENSG00000198246.10	SLC29A3
ENSG00000107736.22	CDH23
ENSG00000122861.16	PLAU
ENSG00000227271.1	RPL39P25
ENSG00000213514.2	ENSG00000213514
ENSG00000233871.2	DLG5-AS1
ENSG00000225484.7	NUTM2B-AS1
ENSG00000280355.1	ENSG00000280355
ENSG00000278616.1	BEND3P3
ENSG00000224886.2	ENSG00000224886
ENSG00000188199.11	NUTM2B
ENSG00000272447.1	ENSG00000272447
ENSG00000228570.8	NUTM2E
ENSG00000225100.2	DPY19L2P5
ENSG00000133678.14	TMEM254
ENSG00000279399.1	ENSG00000279399
ENSG00000122359.18	ANXA11
ENSG00000234743.1	EIF5AP4
ENSG00000133665.13	DYDC2
ENSG00000122378.14	PRXL2A
ENSG00000107771.17	CCSER2
ENSG00000230507.5	RPL7AP8
ENSG00000107779.16	BMPR1A
ENSG00000214562.15	NUTM2D
ENSG00000234192.1	RPS26P38
ENSG00000225836.1	ENSG00000225836
ENSG00000283578.1	MTND5P42
ENSG00000138180.16	CEP55
ENSG00000138193.17	PLCE1
ENSG00000234724.1	HDAC1P1
ENSG00000273450.1	ENSG00000273450
ENSG00000095637.23	SORBS1
ENSG00000236552.2	RPL13AP5
ENSG00000171314.9	PGAM1
ENSG00000155265.12	GOLGA7B
ENSG00000095713.14	CRTAC1
ENSG00000119943.13	PYROXD2
ENSG00000107521.21	HPS1
ENSG00000289758.1	ENSG00000289758
ENSG00000172987.14	HPSE2
ENSG00000166136.16	NDUFB8
ENSG00000222414.1	RNU2-59P
ENSG00000107833.11	NPM3
ENSG00000148798.11	INA
ENSG00000065613.15	SLK
ENSG00000065621.15	GSTO2
ENSG00000138166.6	DUSP5
ENSG00000108055.11	SMC3
ENSG00000165832.6	TRUB1
ENSG00000236799.1	LINC02626
ENSG00000170370.12	EMX2
ENSG00000213574.2	LDHAP5
ENSG00000198825.15	INPP5F
ENSG00000282413.1	ENSG00000282413
ENSG00000220842.6	RPL21P16
ENSG00000188690.16	UROS
ENSG00000089876.12	DHX32
ENSG00000237489.5	C10orf143
ENSG00000175470.20	PPP2R2D
ENSG00000171798.19	KNDC1
ENSG00000255229.1	ENSG00000255229
ENSG00000283920.1	MIR6743
ENSG00000230080.2	ENSG00000230080
ENSG00000180176.15	TH
ENSG00000238184.1	CD81-AS1
ENSG00000110651.13	CD81
ENSG00000258659.7	TRIM34
ENSG00000132259.13	CNGA4
ENSG00000175356.14	SCUBE2
ENSG00000110328.6	GALNT18
ENSG00000134333.15	LDHA
ENSG00000185238.13	PRMT3
ENSG00000109911.19	ELP4
ENSG00000049449.10	RCN1
ENSG00000251557.5	ENSG00000251557
ENSG00000247675.8	LRP4-AS1
ENSG00000134569.10	LRP4
ENSG00000149131.17	SERPING1
ENSG00000186660.15	ZFP91
ENSG00000255073.8	ZFP91-CNTF
ENSG00000269570.2	ENSG00000269570
ENSG00000183134.5	PTGDR2
ENSG00000149506.12	ZP1
ENSG00000149476.16	TKFC
ENSG00000168000.16	BSCL2
ENSG00000222328.1	RNU2-2P
ENSG00000184743.13	ATL3
ENSG00000256789.1	ENSG00000256789
ENSG00000167771.6	RCOR2
ENSG00000168061.17	SAC3D1
ENSG00000162300.13	ZFPL1
ENSG00000287917.3	ENSG00000287917
ENSG00000173825.7	TIGD3
ENSG00000175115.13	PACS1
ENSG00000174080.12	CTSF
ENSG00000286369.2	ENSG00000286369
ENSG00000254682.2	DHCR7-DT
ENSG00000165462.5	PHOX2A
ENSG00000118363.13	SPCS2
ENSG00000284722.2	ENSG00000284722
ENSG00000213333.3	NPM1P50
ENSG00000158555.15	GDPD5
ENSG00000062282.15	DGAT2
ENSG00000254814.1	ENSG00000254814
ENSG00000182704.8	TSKU
ENSG00000182103.5	FAM181B
ENSG00000255234.6	CCDC90B-AS1
ENSG00000254748.1	HNRNPCP8
ENSG00000134612.13	FOLH1B
ENSG00000290503.1	FOLH1B
ENSG00000255385.1	UBTFL10
ENSG00000180773.15	SLC36A4
ENSG00000166004.15	CEP295
ENSG00000256745.1	ARPC3P3
ENSG00000149218.5	ENDOD1
ENSG00000245552.9	LNCRNA-IUR
ENSG00000149212.12	SESN3
ENSG00000077458.13	FAM76B
ENSG00000137691.13	CFAP300
ENSG00000149313.11	AASDHPPT
ENSG00000254433.1	ENSG00000254433
ENSG00000137760.15	ALKBH8
ENSG00000110675.13	ELMOD1
ENSG00000178202.14	POGLUT3
ENSG00000233497.4	HNRNPA1P60
ENSG00000254990.7	ENSG00000254990
ENSG00000247416.5	ENSG00000247416
ENSG00000149292.17	TTC12
ENSG00000149582.16	TMEM25
ENSG00000137700.19	SLC37A4
ENSG00000188486.4	H2AX
ENSG00000165495.16	PKNOX2
ENSG00000198331.11	HYLS1
ENSG00000150455.15	TIRAP
ENSG00000254905.1	ENSG00000254905
ENSG00000255062.2	TIRAP-AS1
ENSG00000257271.1	KIRREL3-AS1
ENSG00000149328.16	GLB1L2
ENSG00000171823.7	FBXL14
ENSG00000227081.5	RPS27P3
ENSG00000111247.15	RAD51AP1
ENSG00000111254.8	AKAP3
ENSG00000111684.11	LPCAT3
ENSG00000111752.11	PHC1
ENSG00000260423.3	LINC02367
ENSG00000139112.11	GABARAPL1
ENSG00000180574.4	EIF2S3B
ENSG00000134531.10	EMP1
ENSG00000172572.7	PDE3A
ENSG00000111711.10	GOLT1B
ENSG00000111716.14	LDHB
ENSG00000111726.13	CMAS
ENSG00000139163.16	ETNK1
ENSG00000134532.20	SOX5
ENSG00000205707.11	ETFRF1
ENSG00000133703.14	KRAS
ENSG00000275197.1	ENSG00000275197
ENSG00000241846.1	ENSG00000241846
ENSG00000246695.9	RASSF8-AS1
ENSG00000111790.14	FGFR1OP2
ENSG00000247903.1	ENSG00000247903
ENSG00000152944.9	MED21
ENSG00000211455.8	STK38L
ENSG00000256747.1	ENSG00000256747
ENSG00000087448.11	KLHL42
ENSG00000244712.1	RPL29P27
ENSG00000087502.19	ERGIC2
ENSG00000133704.10	IPO8
ENSG00000110888.19	CAPRIN2
ENSG00000270926.1	ENSG00000270926
ENSG00000291250.1	ENSG00000291250
ENSG00000177359.23	ENSG00000177359
ENSG00000291098.1	ENSG00000291098
ENSG00000291251.1	ENSG00000291251
ENSG00000291252.1	ENSG00000291252
ENSG00000275097.1	ENSG00000275097
ENSG00000139146.14	SINHCAF
ENSG00000256176.1	ENSG00000256176
ENSG00000177340.5	FLJ13224
ENSG00000170456.16	DENND5B
ENSG00000139160.13	ETFBKMT
ENSG00000174718.12	RESF1
ENSG00000274964.1	ENSG00000274964
ENSG00000139132.16	FGD4
ENSG00000087470.21	DNM1L
ENSG00000139131.13	YARS2
ENSG00000286950.1	ENSG00000286950
ENSG00000175548.9	ALG10B
ENSG00000139117.14	CPNE8
ENSG00000151229.13	SLC2A13
ENSG00000258167.1	ENSG00000258167
ENSG00000151233.11	GXYLT1
ENSG00000015153.15	YAF2
ENSG00000134283.18	PPHLN1
ENSG00000199886.1	RNU6-249P
ENSG00000139174.12	PRICKLE1
ENSG00000257225.1	ENSG00000257225
ENSG00000198001.16	IRAK4
ENSG00000151239.14	TWF1
ENSG00000286671.1	ENSG00000286671
ENSG00000257572.1	SSBL3P
ENSG00000177119.17	ANO6
ENSG00000189079.18	ARID2
ENSG00000139218.18	SCAF11
ENSG00000289046.1	ENSG00000289046
ENSG00000111371.16	SLC38A1
ENSG00000274591.1	ENSG00000274591
ENSG00000134294.14	SLC38A2
ENSG00000258096.1	SLC38A2-AS1
ENSG00000005175.10	RPAP3
ENSG00000061273.18	HDAC7
ENSG00000276691.1	ENSG00000276691
ENSG00000274737.1	ENSG00000274737
ENSG00000079387.15	SENP1
ENSG00000152556.17	PFKM
ENSG00000167528.13	ZNF641
ENSG00000139620.13	KANSL2
ENSG00000129315.12	CCNT1
ENSG00000257653.1	ENSG00000257653
ENSG00000174233.12	ADCY6
ENSG00000174243.11	DDX23
ENSG00000172602.11	RND1
ENSG00000239617.1	RPL32P27
ENSG00000272822.2	ENSG00000272822
ENSG00000134287.10	ARF3
ENSG00000257913.4	DDN-AS1
ENSG00000277672.1	ENSG00000277672
ENSG00000123416.15	TUBA1B
ENSG00000167552.16	TUBA1A
ENSG00000123352.18	SPATS2
ENSG00000257243.1	PARK7P1
ENSG00000139644.13	TMBIM6
ENSG00000258057.6	BCDIN3D-AS1
ENSG00000186666.6	BCDIN3D
ENSG00000161800.13	RACGAP1
ENSG00000110881.12	ASIC1
ENSG00000066117.15	SMARCD1
ENSG00000178449.9	COX14
ENSG00000139624.14	CERS5
ENSG00000050405.14	LIMA1
ENSG00000257298.1	ENSG00000257298
ENSG00000161813.23	LARP4
ENSG00000200428.1	Y_RNA
ENSG00000110911.17	SLC11A2
ENSG00000110925.7	CSRNP2
ENSG00000244540.2	RPL35AP29
ENSG00000183283.16	DAZAP2
ENSG00000261586.2	ENSG00000261586
ENSG00000261308.4	FIGNL2
ENSG00000161835.11	TAMALIN
ENSG00000123358.20	NR4A1
ENSG00000259884.1	NR4A1AS
ENSG00000123395.15	ATG101
ENSG00000111077.18	TNS2
ENSG00000167778.9	SPRYD3
ENSG00000139651.11	ZNF740
ENSG00000139626.16	ITGB7
ENSG00000172819.17	RARG
ENSG00000135476.12	ESPL1
ENSG00000257605.4	MYG1-AS1
ENSG00000139637.14	MYG1
ENSG00000094914.14	AAAS
ENSG00000185591.10	SP1
ENSG00000205352.11	PRR13
ENSG00000139625.13	MAP3K12
ENSG00000270175.2	ENSG00000270175
ENSG00000139546.12	TARBP2
ENSG00000139574.9	NPFF
ENSG00000170653.19	ATF7
ENSG00000257550.2	ENSG00000257550
ENSG00000285692.1	ENSG00000285692
ENSG00000135390.21	ATP5MC2
ENSG00000094916.16	CBX5
ENSG00000289154.2	ENSG00000289154
ENSG00000135486.19	HNRNPA1
ENSG00000111481.10	COPZ1
ENSG00000264028.2	RN7SL744P
ENSG00000258137.6	GPR84-AS1
ENSG00000161642.18	ZNF385A
ENSG00000161638.11	ITGA5
ENSG00000135437.10	RDH5
ENSG00000135404.12	CD63
ENSG00000258056.3	CD63-AS1
ENSG00000135414.10	GDF11
ENSG00000123353.10	ORMDL2
ENSG00000135392.19	DNAJC14
ENSG00000293491.1	TMEM198B
ENSG00000182796.17	TMEM198B
ENSG00000123342.16	MMP19
ENSG00000170473.17	PYM1
ENSG00000065357.20	DGKA
ENSG00000123374.11	CDK2
ENSG00000258554.1	ENSG00000258554
ENSG00000111540.16	RAB5B
ENSG00000139531.13	SUOX
ENSG00000123411.15	IKZF4
ENSG00000197728.11	RPS26
ENSG00000170515.14	PA2G4
ENSG00000257553.1	ENSG00000257553
ENSG00000229117.9	RPL41
ENSG00000139641.13	ESYT1
ENSG00000135482.7	ZC3H10
ENSG00000258317.1	ENSG00000258317
ENSG00000092841.19	MYL6
ENSG00000139613.12	SMARCC2
ENSG00000181852.18	RNF41
ENSG00000139579.13	NABP2
ENSG00000139645.11	ANKRD52
ENSG00000135469.14	COQ10A
ENSG00000062485.19	CS
ENSG00000144785.8	ENSG00000144785
ENSG00000257303.4	CNPY2-AS1
ENSG00000257727.6	CNPY2
ENSG00000135473.16	PAN2
ENSG00000170581.15	STAT2
ENSG00000111602.12	TIMELESS
ENSG00000076108.12	BAZ2A
ENSG00000110955.9	ATP5F1B
ENSG00000207031.1	SNORD59A
ENSG00000196531.14	NACA
ENSG00000198056.16	PRIM1
ENSG00000166860.3	ZBTB39
ENSG00000166863.13	TAC3
ENSG00000166881.10	NEMP1
ENSG00000166886.13	NAB2
ENSG00000182199.11	SHMT2
ENSG00000185482.8	STAC3
ENSG00000179912.21	R3HDM2
ENSG00000175189.4	INHBC
ENSG00000139269.3	INHBE
ENSG00000111087.10	GLI1
ENSG00000175197.13	DDIT3
ENSG00000166987.15	MBD6
ENSG00000175203.17	DCTN2
ENSG00000166908.18	PIP4K2C
ENSG00000178498.16	DTX3
ENSG00000240771.8	ARHGEF25
ENSG00000224713.4	ENSG00000224713
ENSG00000287908.1	ENSG00000287908
ENSG00000293429.1	ENSG00000293429
ENSG00000135452.10	TSPAN31
ENSG00000135446.17	CDK4
ENSG00000139266.6	MARCHF9
ENSG00000111012.11	CYP27B1
ENSG00000123427.17	EEF1AKMT3
ENSG00000257921.6	ENSG00000257921
ENSG00000123297.20	TSFM
ENSG00000175215.11	CTDSP2
ENSG00000166896.9	ATP23
ENSG00000257159.1	ENSG00000257159
ENSG00000237176.4	ENSG00000237176
ENSG00000198673.11	TAFA2
ENSG00000258316.1	KLF17P1
ENSG00000135655.16	USP15
ENSG00000275881.1	Metazoa_SRP
ENSG00000221949.6	LINC01465
ENSG00000275180.2	ENSG00000275180
ENSG00000199179.3	MIRLET7I
ENSG00000257005.1	ENSG00000257005
ENSG00000118600.13	RXYLT1
ENSG00000196935.10	SRGAP1
ENSG00000184575.12	XPOT
ENSG00000255566.1	ENSG00000255566
ENSG00000135677.11	GNS
ENSG00000243020.1	RPL7P39
ENSG00000174106.3	LEMD3
ENSG00000293176.1	RPSAP52
ENSG00000241749.5	RPSAP52
ENSG00000149948.14	HMGA2
ENSG00000139233.7	LLPH
ENSG00000090376.11	IRAK3
ENSG00000256072.1	ENSG00000256072
ENSG00000111530.13	CAND1
ENSG00000127334.11	DYRK2
ENSG00000235872.2	ENSG00000235872
ENSG00000255970.1	LINC02421
ENSG00000127314.18	RAP1B
ENSG00000127337.7	YEATS4
ENSG00000287030.1	ENSG00000287030
ENSG00000186908.15	ZDHHC17
ENSG00000213270.5	RPL6P25
ENSG00000139324.12	TMTC3
ENSG00000139318.8	DUSP6
ENSG00000274021.1	ENSG00000274021
ENSG00000286608.2	ENSG00000286608
ENSG00000173598.14	NUDT4
ENSG00000186076.5	ENSG00000186076
ENSG00000136040.9	PLXNC1
ENSG00000139350.12	NEDD1
ENSG00000120802.14	TMPO
ENSG00000258153.1	HSPE1P4
ENSG00000255150.2	EID3
ENSG00000235162.9	C12orf75
ENSG00000151136.15	ABTB3
ENSG00000183160.9	TMEM119
ENSG00000151148.14	UBE3B
ENSG00000111252.11	SH2B3
ENSG00000274697.1	MIR6761
ENSG00000135144.8	DTX1
ENSG00000139410.15	SDSL
ENSG00000111412.6	SPRING1
ENSG00000174989.13	FBXW8
ENSG00000152137.8	HSPB8
ENSG00000213144.2	ENSG00000213144
ENSG00000111725.11	PRKAB1
ENSG00000135097.7	MSI1
ENSG00000286586.1	ENSG00000286586
ENSG00000274191.1	ENSG00000274191
ENSG00000139726.11	DENR
ENSG00000183955.14	KMT5A
ENSG00000151948.12	GLT1D1
ENSG00000151952.16	TMEM132D
ENSG00000185163.10	DDX51
ENSG00000176894.10	PXMP2
ENSG00000256632.3	ENSG00000256632
ENSG00000090612.22	ZNF268
ENSG00000291046.1	ENSG00000291046
ENSG00000233325.6	MIPEPP3
ENSG00000215571.5	GRK6P1
ENSG00000289814.1	ENSG00000289814
ENSG00000262198.2	ENSG00000262198
ENSG00000289861.1	ENSG00000289861
ENSG00000102683.8	SGCG
ENSG00000235205.1	TATDN2P3
ENSG00000273167.1	ENSG00000273167
ENSG00000182957.16	SPATA13
ENSG00000132970.14	WASF3
ENSG00000285935.1	ENSG00000285935
ENSG00000152484.14	USP12
ENSG00000234772.3	LINC00412
ENSG00000207500.1	SNORD102
ENSG00000122035.7	RASL11A
ENSG00000122034.17	GTF3A
ENSG00000186184.20	POLR1D
ENSG00000180389.7	ATP5F1EP2
ENSG00000152520.14	PAN3
ENSG00000233588.1	CYP51A1P2
ENSG00000189403.15	HMGB1
ENSG00000180440.4	SERTM1
ENSG00000133111.4	RFXAP
ENSG00000120685.20	PROSER1
ENSG00000287837.1	ENSG00000287837
ENSG00000136152.15	COG3
ENSG00000165837.12	ERICH6B
ENSG00000123200.17	ZC3H13
ENSG00000223336.1	RNU2-6P
ENSG00000231817.9	LINC01198
ENSG00000290704.1	ENSG00000290704
ENSG00000285576.2	ENSG00000285576
ENSG00000227019.2	OR7E101P
ENSG00000288743.1	ENSG00000288743
ENSG00000102547.19	CAB39L
ENSG00000136144.12	RCBTB1
ENSG00000231607.15	DLEU2
ENSG00000274270.1	ENSG00000274270
ENSG00000136100.14	VPS36
ENSG00000136108.15	CKAP2
ENSG00000290963.1	ENSG00000290963
ENSG00000285764.1	ENSG00000285764
ENSG00000236565.3	HNRNPA3P5
ENSG00000083520.15	DIS3
ENSG00000102554.14	KLF5
ENSG00000236972.2	FABP5P1
ENSG00000102794.11	ACOD1
ENSG00000227354.7	RBM26-AS1
ENSG00000088451.11	TGDS
ENSG00000224418.1	STK24-AS1
ENSG00000185950.9	IRS2
ENSG00000233644.1	ARHGEF7-IT1
ENSG00000227352.1	ARHGEF7-AS1
ENSG00000285856.1	ENSG00000285856
ENSG00000150401.15	DCUN1D2
ENSG00000150403.18	TMCO3
ENSG00000222036.8	POTEM
ENSG00000092094.11	OSGEP
ENSG00000155465.21	SLC7A7
ENSG00000197324.9	LRP10
ENSG00000129474.17	AJUBA
ENSG00000168952.16	STXBP6
ENSG00000288100.1	ENSG00000288100
ENSG00000257179.1	HMGN2P6
ENSG00000257472.1	ENSG00000257472
ENSG00000290393.1	ENSG00000290393
ENSG00000275002.2	ZFAND2AP2
ENSG00000237450.5	RPL23AP71
ENSG00000279423.1	ENSG00000279423
ENSG00000293497.1	ENSG00000293497
ENSG00000258704.9	SRP54-AS1
ENSG00000174373.17	RALGAPA1
ENSG00000290759.1	ENSG00000290759
ENSG00000183032.12	SLC25A21
ENSG00000258591.2	PPIAP4
ENSG00000286123.1	ENSG00000286123
ENSG00000129534.14	MIS18BP1
ENSG00000165516.11	KLHDC2
ENSG00000165527.8	ARF6
ENSG00000126787.13	DLGAP5
ENSG00000279392.1	ENSG00000279392
ENSG00000070269.14	TMEM260
ENSG00000020426.11	MNAT1
ENSG00000126814.7	TRMT5
ENSG00000258656.1	ENSG00000258656
ENSG00000023608.5	SNAPC1
ENSG00000258289.10	CHURC1
ENSG00000139998.16	RAB15
ENSG00000224861.1	YBX1P1
ENSG00000244237.1	ENSG00000244237
ENSG00000242071.3	RPL7AP6
ENSG00000119599.17	DCAF4
ENSG00000176043.5	RPL36P3
ENSG00000100767.17	PAPLN
ENSG00000258376.2	PAPLN-AS1
ENSG00000258944.1	ENSG00000258944
ENSG00000205669.4	ACOT6
ENSG00000140043.12	PTGR2
ENSG00000273711.2	ENSG00000273711
ENSG00000119703.15	ZC2HC1C
ENSG00000259096.1	SHLD2P2
ENSG00000100815.12	TRIP11
ENSG00000011114.15	BTBD7
ENSG00000066629.19	EML1
ENSG00000283840.1	MIR6764
ENSG00000258666.1	ENSG00000258666
ENSG00000258986.7	TMEM179
ENSG00000185024.18	BRF1
ENSG00000258410.1	ENSG00000258410
ENSG00000278935.1	ENSG00000278935
ENSG00000258780.1	BMS1P15
ENSG00000275835.5	TUBGCP5
ENSG00000276172.2	ELMO2P1
ENSG00000261418.1	HERC2P6
ENSG00000182636.8	NDN
ENSG00000128739.23	SNRPN
ENSG00000273173.6	SNURF
ENSG00000224078.15	SNHG14
ENSG00000279192.1	PWAR5
ENSG00000206621.1	SNORD116-14
ENSG00000206656.1	SNORD116-17
ENSG00000287482.1	ENSG00000287482
ENSG00000279735.2	ENSG00000279735
ENSG00000207279.1	SNORD116-24
ENSG00000252277.1	SNORD116-30
ENSG00000114062.22	UBE3A
ENSG00000228992.2	RPL5P32
ENSG00000261581.1	HERC2P11
ENSG00000206149.13	HERC2P9
ENSG00000254398.1	ENSG00000254398
ENSG00000185115.6	NSMCE3
ENSG00000179938.13	GOLGA8J
ENSG00000289083.1	LINC02256
ENSG00000270055.1	ENSG00000270055
ENSG00000271078.1	ENSG00000271078
ENSG00000288864.1	ARHGAP11A-SCG5
ENSG00000198826.11	ARHGAP11A
ENSG00000169857.9	AVEN
ENSG00000137812.21	KNL1
ENSG00000051180.17	RAD51
ENSG00000259838.1	ELOCP2
ENSG00000243789.11	JMJD7
ENSG00000168970.22	JMJD7-PLA2G4B
ENSG00000243708.11	PLA2G4B
ENSG00000137877.10	SPTBN5
ENSG00000214013.10	GANC
ENSG00000291053.1	CATSPER2P1
ENSG00000092470.12	WDR76
ENSG00000185607.5	ACTBP7
ENSG00000259187.1	ENSG00000259187
ENSG00000128951.14	DUT
ENSG00000240934.2	ENSG00000240934
ENSG00000182718.18	ANXA2
ENSG00000243403.1	ENSG00000243403
ENSG00000140451.13	PIF1
ENSG00000166839.18	ANKDD1A
ENSG00000277351.1	ENSG00000277351
ENSG00000103710.11	RASL12
ENSG00000174446.13	SNAPC5
ENSG00000266589.1	MIR4512
ENSG00000137831.15	UACA
ENSG00000274297.1	ENSG00000274297
ENSG00000129028.9	THAP10
ENSG00000187720.15	THSD4
ENSG00000243007.1	RPL12P35
ENSG00000215186.7	GOLGA6B
ENSG00000117906.14	RCN2
ENSG00000136425.14	CIB2
ENSG00000279694.1	ENSG00000279694
ENSG00000166426.8	CRABP1
ENSG00000080644.16	CHRNA3
ENSG00000136378.15	ADAMTS7
ENSG00000185787.15	MORF4L1
ENSG00000103811.18	CTSH
ENSG00000252995.1	RNU6-667P
ENSG00000103876.14	FAH
ENSG00000186628.12	FSD2
ENSG00000156232.7	WHAMM
ENSG00000103942.13	HOMER2
ENSG00000169612.4	RAMAC
ENSG00000288850.1	ENSG00000288850
ENSG00000064726.10	BTBD1
ENSG00000136404.16	TM6SF1
ENSG00000166503.10	HDGFL3
ENSG00000260579.1	ENSG00000260579
ENSG00000272887.1	CSPG4P5
ENSG00000291026.1	ENSG00000291026
ENSG00000291260.1	ENSG00000291260
ENSG00000259270.1	ENSG00000259270
ENSG00000259449.1	NIFKP8
ENSG00000259295.7	CSPG4P12
ENSG00000218052.8	ADAMTS7P4
ENSG00000291212.1	ENSG00000291212
ENSG00000259317.1	ENSG00000259317
ENSG00000275101.1	MIR6766
ENSG00000166823.6	MESP1
ENSG00000250021.7	ARPIN-AP3S2
ENSG00000242498.8	ARPIN
ENSG00000185033.15	SEMA4B
ENSG00000222076.1	RNU2-3P
ENSG00000270127.2	ENSG00000270127
ENSG00000184254.17	ALDH1A3
ENSG00000259583.4	ALDH1A3-AS1
ENSG00000259172.1	SNRPA1-DT
ENSG00000290823.1	ENSG00000290823
ENSG00000185596.17	WASH3P
ENSG00000275449.1	MIR6859-3
ENSG00000103269.14	RHBDL1
ENSG00000103024.8	NME3
ENSG00000063854.13	HAGH
ENSG00000162039.19	MEIOB
ENSG00000140990.15	NDUFB10
ENSG00000140988.16	RPS2
ENSG00000206811.1	SNORA10
ENSG00000207405.1	SNORA64
ENSG00000255513.1	ENSG00000255513
ENSG00000255198.6	SNHG9
ENSG00000183751.16	TBL3
ENSG00000127554.13	GFER
ENSG00000261790.2	ENSG00000261790
ENSG00000127561.16	SYNGR3
ENSG00000260107.1	ENSG00000260107
ENSG00000167962.15	ZNF598
ENSG00000065054.14	NHERF2
ENSG00000065057.9	NTHL1
ENSG00000103197.20	TSC2
ENSG00000265867.1	MIR4516
ENSG00000264397.1	MIR3180-5
ENSG00000167964.13	RAB26
ENSG00000243445.1	ENSG00000243445
ENSG00000290728.1	ENSG00000290728
ENSG00000205918.10	PDPK2P
ENSG00000261971.9	MMP25-AS1
ENSG00000185739.13	SRL
ENSG00000262468.8	LINC01569
ENSG00000153406.14	NMRAL1
ENSG00000276641.1	MIR6769A
ENSG00000275056.1	ENSG00000275056
ENSG00000183044.12	ABAT
ENSG00000183454.18	GRIN2A
ENSG00000166669.14	ATF7IP2
ENSG00000103274.11	NUBP1
ENSG00000280153.1	ENSG00000280153
ENSG00000175643.10	RMI2
ENSG00000260318.1	COX6CP1
ENSG00000234719.9	NPIPB2
ENSG00000103381.12	CPPED1
ENSG00000262470.2	TVP23CP2
ENSG00000224712.13	NPIPA3
ENSG00000254852.9	NPIPA2
ENSG00000103512.16	NOMO1
ENSG00000085721.13	RRN3
ENSG00000293341.1	ENSG00000293341
ENSG00000103226.19	NOMO3
ENSG00000262848.1	ENSG00000262848
ENSG00000227827.3	PKD1P2
ENSG00000214967.6	NPIPA7
ENSG00000214940.9	NPIPA8
ENSG00000285628.1	ENSG00000285628
ENSG00000205746.10	PKD1P4
ENSG00000103540.17	CCP110
ENSG00000196678.14	ERI2
ENSG00000188215.10	DCUN1D3
ENSG00000169246.17	NPIPB3
ENSG00000291073.1	ENSG00000291073
ENSG00000258186.2	SLC7A5P2
ENSG00000197006.15	METTL9
ENSG00000155719.18	OTOA
ENSG00000185864.19	NPIPB4
ENSG00000257408.3	ABCA3P1
ENSG00000290675.1	ENSG00000290675
ENSG00000290865.1	RRN3P3
ENSG00000257122.6	RRN3P3
ENSG00000291060.1	ENSG00000291060
ENSG00000237296.12	SMG1P1
ENSG00000243716.12	NPIPB5
ENSG00000277041.1	ENSG00000277041
ENSG00000169189.17	NSMCE1
ENSG00000245888.7	NSMCE1-DT
ENSG00000246465.1	ENSG00000246465
ENSG00000198156.11	NPIPB6
ENSG00000271623.1	ENSG00000271623
ENSG00000205609.13	EIF3CL
ENSG00000275429.1	MIR6862-1
ENSG00000233232.8	NPIPB7
ENSG00000255524.8	NPIPB8
ENSG00000196993.9	NPIPB9
ENSG00000278528.1	PLA2G10KP
ENSG00000176953.13	NFATC2IP
ENSG00000260853.2	NFATC2IP-AS1
ENSG00000260367.2	ENSG00000260367
ENSG00000169682.18	SPNS1
ENSG00000261067.7	ENSG00000261067
ENSG00000196796.5	NPIPB10P
ENSG00000260908.2	PLA2G10CP
ENSG00000290677.1	ENSG00000290677
ENSG00000254206.6	NPIPB11
ENSG00000288632.1	ENSG00000288632
ENSG00000290678.1	ENSG00000290678
ENSG00000279228.3	ENSG00000279228
ENSG00000169203.18	NPIPB12
ENSG00000205534.6	SMG1P2
ENSG00000279583.1	ENSG00000279583
ENSG00000169627.9	BOLA2B
ENSG00000132207.18	SLX1A
ENSG00000213599.10	SLX1A-SULT1A3
ENSG00000261052.6	SULT1A3
ENSG00000198064.15	NPIPB13
ENSG00000183604.17	SMG1P5
ENSG00000291266.1	SMG1P5
ENSG00000169217.9	CD2BP2
ENSG00000169221.14	TBC1D10B
ENSG00000180209.12	MYL11
ENSG00000180035.13	ZNF48
ENSG00000180096.13	SEPTIN1
ENSG00000179965.12	ZNF771
ENSG00000179918.19	SEPHS2
ENSG00000169957.10	ZNF768
ENSG00000261459.1	ENSG00000261459
ENSG00000278922.1	ENSG00000278922
ENSG00000169955.8	ZNF747
ENSG00000260167.1	ENSG00000260167
ENSG00000156853.13	ZNF689
ENSG00000156858.12	PRR14
ENSG00000156860.16	FBRS
ENSG00000080603.17	SRCAP
ENSG00000222287.1	RNU6-1043P
ENSG00000282034.2	ENSG00000282034
ENSG00000156873.16	PHKG2
ENSG00000196118.12	CFAP119
ENSG00000103549.22	RNF40
ENSG00000280211.1	ENSG00000280211
ENSG00000102870.6	ZNF629
ENSG00000099385.12	BCL7C
ENSG00000260083.3	MIR762HG
ENSG00000099364.18	FBXL19
ENSG00000261487.1	ENSG00000261487
ENSG00000175938.7	ORAI3
ENSG00000275263.1	ENSG00000275263
ENSG00000099381.20	SETD1A
ENSG00000279196.1	ENSG00000279196
ENSG00000099377.14	HSD3B7
ENSG00000099365.11	STX1B
ENSG00000232748.3	ENSG00000232748
ENSG00000167394.13	ZNF668
ENSG00000167395.10	ZNF646
ENSG00000167397.15	VKORC1
ENSG00000280160.1	ENSG00000280160
ENSG00000103507.14	BCKDK
ENSG00000103510.20	KAT8
ENSG00000278133.1	ENSG00000278133
ENSG00000052344.16	PRSS8
ENSG00000089280.20	FUS
ENSG00000177238.15	TRIM72
ENSG00000176723.10	ZNF843
ENSG00000140691.18	ARMC5
ENSG00000140682.19	TGFB1I1
ENSG00000140675.13	SLC5A2
ENSG00000260625.4	RUSF1-DT
ENSG00000276867.1	ENSG00000276867
ENSG00000259810.2	ENSG00000259810
ENSG00000260722.1	VN1R67P
ENSG00000293359.1	ENSG00000293359
ENSG00000180663.5	VN1R3
ENSG00000260047.2	BCAP31P2
ENSG00000290985.1	SLC6A10P
ENSG00000259897.2	FRG2JP
ENSG00000260281.6	ITFG1-AS1
ENSG00000129636.13	ITFG1
ENSG00000234337.4	ENSG00000234337
ENSG00000103546.19	SLC6A2
ENSG00000278928.1	ENSG00000278928
ENSG00000051108.15	HERPUD1
ENSG00000260186.5	LINC02137
ENSG00000293016.1	ENSG00000293016
ENSG00000224631.5	RPS27AP16
ENSG00000166548.17	TK2
ENSG00000159714.12	ZDHHC1
ENSG00000260290.2	ENSG00000260290
ENSG00000261556.11	SMG1P7
ENSG00000291219.1	ENSG00000291219
ENSG00000223496.3	EXOSC6
ENSG00000265648.2	RN7SL279P
ENSG00000157349.17	DDX19B
ENSG00000261777.6	DDX19A-DT
ENSG00000168872.17	DDX19A
ENSG00000157350.13	ST3GAL2
ENSG00000260111.1	ENSG00000260111
ENSG00000157353.17	FCSK
ENSG00000189091.13	SF3B3
ENSG00000132613.16	MTSS2
ENSG00000279569.1	ENSG00000279569
ENSG00000214353.8	VAC14-AS1
ENSG00000180917.18	CMTR2
ENSG00000167377.19	ZNF23
ENSG00000261611.6	ENSG00000261611
ENSG00000040199.18	PHLPP2
ENSG00000166747.13	AP1G1
ENSG00000283057.1	ENSG00000283057
ENSG00000224470.9	ATXN1L
ENSG00000182149.21	IST1
ENSG00000279592.1	ENSG00000279592
ENSG00000102984.15	ZNF821
ENSG00000277481.2	PKD1L3
ENSG00000263232.2	ATP5F1AP3
ENSG00000102967.12	DHODH
ENSG00000118557.16	PMFBP1
ENSG00000103035.11	PSMD7
ENSG00000259972.3	ENSG00000259972
ENSG00000260884.1	PCHILR
ENSG00000196436.9	NPIPB15
ENSG00000168411.14	RFWD3
ENSG00000262904.1	TMPOP2
ENSG00000284512.1	ENSG00000284512
ENSG00000260643.2	ENSG00000260643
ENSG00000140905.11	GCSH
ENSG00000285848.1	ENSG00000285848
ENSG00000103196.12	CRISPLD2
ENSG00000103241.7	FOXF1
ENSG00000260456.7	C16orf95
ENSG00000131152.4	ENSG00000131152
ENSG00000276337.1	ENSG00000276337
ENSG00000154118.13	JPH3
ENSG00000268218.1	ENSG00000268218
ENSG00000003249.15	DBNDD1
ENSG00000141013.17	GAS8
ENSG00000221819.6	GAS8-AS1
ENSG00000290738.1	URAHP
ENSG00000222019.8	URAHP
ENSG00000261172.1	ENSG00000261172
ENSG00000277349.1	CICP25
ENSG00000280279.1	LINC02887
ENSG00000272636.5	DOC2B
ENSG00000167699.14	GLOD4
ENSG00000132383.12	RPA1
ENSG00000167720.13	SRR
ENSG00000167721.11	TSR1
ENSG00000257950.3	P2RX5-TAX1BP3
ENSG00000127774.7	EMC6
ENSG00000004660.15	CAMKK1
ENSG00000108515.18	ENO3
ENSG00000132517.15	SLC52A1
ENSG00000180787.6	ZFP3
ENSG00000129214.15	SHBG
ENSG00000141504.12	SAT2
ENSG00000179094.16	PER1
ENSG00000179029.15	TMEM107
ENSG00000266824.1	ENSG00000266824
ENSG00000196544.8	BORCS6
ENSG00000178999.13	AURKB
ENSG00000178971.17	CTC1
ENSG00000178921.14	PFAS
ENSG00000125434.11	SLC25A35
ENSG00000161970.15	RPL26
ENSG00000288750.1	ENSG00000288750
ENSG00000166579.16	NDEL1
ENSG00000133026.14	MYH10
ENSG00000065320.9	NTN1
ENSG00000262966.2	ENSG00000262966
ENSG00000187824.9	TMEM220
ENSG00000154957.14	ZNF18
ENSG00000065559.15	MAP2K4
ENSG00000153976.3	HS3ST3A1
ENSG00000006695.12	COX10
ENSG00000125430.9	HS3ST3B1
ENSG00000239704.12	CDRT4
ENSG00000259024.7	TVP23C-CDRT4
ENSG00000175106.17	TVP23C
ENSG00000241322.11	FBXW10B
ENSG00000251537.4	ENSG00000251537
ENSG00000221926.13	TRIM16
ENSG00000255104.9	ZNF286A-TBC1D26
ENSG00000187607.16	ZNF286A
ENSG00000214941.8	ZSWIM7
ENSG00000011295.16	TTC19
ENSG00000233979.1	RPL22P21
ENSG00000108474.17	PIGL
ENSG00000166582.11	CENPV
ENSG00000170315.14	UBB
ENSG00000265401.1	ENSG00000265401
ENSG00000277370.1	SNORD49A
ENSG00000266651.1	ENSG00000266651
ENSG00000141040.15	ZNF287
ENSG00000235554.1	SRSF6P2
ENSG00000197566.10	ZNF624
ENSG00000226478.3	UPF3AP1
ENSG00000225442.2	MPRIP-AS1
ENSG00000278864.1	ENSG00000278864
ENSG00000179598.6	PLD6
ENSG00000264187.1	ENSG00000264187
ENSG00000154803.13	FLCN
ENSG00000266498.1	ENSG00000266498
ENSG00000205309.14	NT5M
ENSG00000141026.6	MED9
ENSG00000133027.18	PEMT
ENSG00000265511.1	ENSG00000265511
ENSG00000264666.3	ENSG00000264666
ENSG00000108557.20	RAI1
ENSG00000072310.18	SREBF1
ENSG00000175662.18	TOM1L2
ENSG00000171953.16	ATPAF2
ENSG00000232344.2	ENSG00000232344
ENSG00000266311.6	ENSG00000266311
ENSG00000142494.13	SLC47A1
ENSG00000260907.1	ENSG00000260907
ENSG00000265916.1	ENSG00000265916
ENSG00000290430.1	ENSG00000290430
ENSG00000226521.8	ENSG00000226521
ENSG00000213671.3	OLA1P2
ENSG00000264215.1	ENSG00000264215
ENSG00000109016.18	DHRS7B
ENSG00000178307.10	TMEM11
ENSG00000235530.7	TMEM11-DT
ENSG00000274180.1	NATD1
ENSG00000291022.1	ENSG00000291022
ENSG00000260157.4	ENSG00000260157
ENSG00000239223.3	RPL34P31
ENSG00000109084.14	TMEM97
ENSG00000109083.14	IFT20
ENSG00000109079.10	TNFAIP1
ENSG00000004142.12	POLDIP2
ENSG00000244045.13	TMEM199
ENSG00000167524.17	RSKR
ENSG00000109103.12	UNC119
ENSG00000087111.22	PIGS
ENSG00000076382.17	SPAG5
ENSG00000258472.10	ENSG00000258472
ENSG00000227543.5	SPAG5-AS1
ENSG00000132581.10	SDF2
ENSG00000167525.16	PROCA1
ENSG00000109113.20	RAB34
ENSG00000198242.14	RPL23A
ENSG00000238578.1	SNORD4A
ENSG00000160606.11	TLCD1
ENSG00000076604.16	TRAF4
ENSG00000265474.1	ENSG00000265474
ENSG00000265840.1	ENSG00000265840
ENSG00000173065.14	FAM222B
ENSG00000132591.12	ERAL1
ENSG00000132589.16	FLOT2
ENSG00000266642.2	ENSG00000266642
ENSG00000167536.14	DHRS13
ENSG00000109118.14	PHF12
ENSG00000263781.3	ENSG00000263781
ENSG00000108255.8	CRYBA1
ENSG00000108256.9	NUFIP2
ENSG00000264808.2	ENSG00000264808
ENSG00000160551.12	TAOK1
ENSG00000168792.5	ABHD15
ENSG00000167543.16	TP53I13
ENSG00000108262.16	GIT1
ENSG00000198720.13	ANKRD13B
ENSG00000265713.1	ENSG00000265713
ENSG00000266876.1	ENSG00000266876
ENSG00000126653.18	NSRP1
ENSG00000222679.1	RNU6-1267P
ENSG00000108582.12	CPD
ENSG00000108587.16	GOSR1
ENSG00000290928.1	ENSG00000290928
ENSG00000176390.12	CRLF3
ENSG00000266490.1	ENSG00000266490
ENSG00000176208.9	ATAD5
ENSG00000212190.1	RNU6-298P
ENSG00000172171.11	TEFM
ENSG00000275185.1	ENSG00000275185
ENSG00000184060.11	ADAP2
ENSG00000181481.14	RNF135
ENSG00000196712.20	NF1
ENSG00000185862.7	EVI2B
ENSG00000265118.5	ENSG00000265118
ENSG00000126860.12	EVI2A
ENSG00000131242.18	RAB11FIP4
ENSG00000278977.1	ENSG00000278977
ENSG00000172301.11	COPRS
ENSG00000108651.10	UTP6
ENSG00000263990.1	ENSG00000263990
ENSG00000178691.11	SUZ12
ENSG00000293288.1	ENSG00000293288
ENSG00000126858.19	RHOT1
ENSG00000280033.1	ENSG00000280033
ENSG00000108666.11	C17orf75
ENSG00000265139.1	ENSG00000265139
ENSG00000263749.2	OOSP1P2
ENSG00000010244.19	ZNF207
ENSG00000202100.1	Y_RNA
ENSG00000176749.9	CDK5R1
ENSG00000006042.12	TMEM98
ENSG00000226049.3	TLK2P1
ENSG00000092871.17	RFFL
ENSG00000273687.1	ENSG00000273687
ENSG00000243423.1	ENSG00000243423
ENSG00000073536.18	NLE1
ENSG00000267745.1	ENSG00000267745
ENSG00000267648.1	ENSG00000267648
ENSG00000267321.4	SNHG30
ENSG00000270647.7	TAF15
ENSG00000270871.1	ENSG00000270871
ENSG00000271268.1	ENSG00000271268
ENSG00000293240.1	ENSG00000293240
ENSG00000278023.7	RDM1
ENSG00000276085.1	CCL3L3
ENSG00000276070.5	CCL4L2
ENSG00000278311.5	GGNBP2
ENSG00000278535.5	DHRS11
ENSG00000276234.5	TADA2A
ENSG00000276023.5	DUSP14
ENSG00000277688.1	ENSG00000277688
ENSG00000278053.5	DDX52
ENSG00000274211.6	SOCS7
ENSG00000275023.5	MLLT6
ENSG00000279119.1	ENSG00000279119
ENSG00000277258.5	PCGF2
ENSG00000125691.14	RPL23
ENSG00000002834.19	LASP1
ENSG00000263466.1	ENSG00000263466
ENSG00000265784.1	ENSG00000265784
ENSG00000263874.3	LASP1NB
ENSG00000108298.12	RPL19
ENSG00000108306.13	FBXL20
ENSG00000266469.2	ENSG00000266469
ENSG00000125686.12	MED1
ENSG00000131748.16	STARD3
ENSG00000173991.6	TCAP
ENSG00000161395.14	PGAP3
ENSG00000264968.1	ENSG00000264968
ENSG00000008838.21	MED24
ENSG00000126351.13	THRA
ENSG00000188895.12	MSL1
ENSG00000108349.17	CASC3
ENSG00000094804.12	CDC6
ENSG00000131759.18	RARA
ENSG00000278346.1	ENSG00000278346
ENSG00000240125.1	RPL23AP75
ENSG00000073584.20	SMARCE1
ENSG00000278834.2	ENSG00000278834
ENSG00000234477.1	ENSG00000234477
ENSG00000173812.11	EIF1
ENSG00000141696.13	P3H4
ENSG00000141756.20	FKBP10
ENSG00000161594.7	KLHL10
ENSG00000259623.1	ENSG00000259623
ENSG00000178502.6	KLHL11
ENSG00000274630.1	ENSG00000274630
ENSG00000173786.17	CNP
ENSG00000168256.18	NKIRAS2
ENSG00000187595.18	ZNF385C
ENSG00000108773.11	KAT2A
ENSG00000177469.13	CAVIN1
ENSG00000033627.18	ATP6V0A1
ENSG00000264314.1	MIR548AT
ENSG00000267222.1	ENSG00000267222
ENSG00000108784.10	NAGLU
ENSG00000266962.3	HSD17B1-AS1
ENSG00000108786.11	HSD17B1
ENSG00000131470.15	PSMC3IP
ENSG00000141699.11	RETREG3
ENSG00000131462.9	TUBG1
ENSG00000037042.9	TUBG2
ENSG00000068137.15	PLEKHH3
ENSG00000184451.5	CCR10
ENSG00000267765.1	ENSG00000267765
ENSG00000108799.13	EZH1
ENSG00000131477.11	RAMP2
ENSG00000126562.17	WNK4
ENSG00000183978.8	COA3
ENSG00000176563.10	CNTD1
ENSG00000126581.13	BECN1
ENSG00000267060.7	PTGES3L
ENSG00000198863.8	RUNDC1
ENSG00000188825.16	LINC00910
ENSG00000277084.1	RNU2-4P
ENSG00000288909.2	ENSG00000288909
ENSG00000005102.14	MEOX1
ENSG00000161654.10	LSM12
ENSG00000182963.11	GJC1
ENSG00000264540.2	RN7SL405P
ENSG00000278223.1	MIR6783
ENSG00000276728.2	ENSG00000276728
ENSG00000186834.4	HEXIM1
ENSG00000224505.4	HEXIM2-AS1
ENSG00000006062.18	MAP3K14
ENSG00000291175.1	ENSG00000291175
ENSG00000214425.11	LRRC37A4P
ENSG00000131484.4	ENSG00000131484
ENSG00000267246.1	ENSG00000267246
ENSG00000120071.15	KANSL1
ENSG00000266497.1	RDM1P2
ENSG00000238083.10	LRRC37A2
ENSG00000265315.1	RN7SL199P
ENSG00000004897.12	CDC27
ENSG00000291120.1	ENSG00000291120
ENSG00000228782.10	MRPL45P2
ENSG00000141279.18	NPEPPS
ENSG00000263766.6	KPNB1-DT
ENSG00000108424.11	KPNB1
ENSG00000167182.16	SP2
ENSG00000266601.1	ENSG00000266601
ENSG00000108439.11	PNPO
ENSG00000264019.1	ENSG00000264019
ENSG00000108465.15	CDK5RAP3
ENSG00000263412.3	NFE2L1-DT
ENSG00000278765.1	ENSG00000278765
ENSG00000242067.1	RPL9P28
ENSG00000248278.2	SUMO2P17
ENSG00000159199.14	ATP5MC1
ENSG00000159202.18	UBE2Z
ENSG00000159210.10	SNF8
ENSG00000159217.10	IGF2BP1
ENSG00000251550.1	ENSG00000251550
ENSG00000198740.9	ZNF652
ENSG00000262039.1	ENSG00000262039
ENSG00000064300.9	NGFR
ENSG00000261959.1	ENSG00000261959
ENSG00000108823.17	SGCA
ENSG00000293483.1	ENSG00000293483
ENSG00000263176.1	ENSG00000263176
ENSG00000154920.15	EME1
ENSG00000136444.10	RSAD1
ENSG00000136449.16	MYCBPAP
ENSG00000250286.2	ENSG00000250286
ENSG00000266648.1	SETP3
ENSG00000108384.16	RAD51C
ENSG00000274378.1	ENSG00000274378
ENSG00000267416.2	HEATR6-DT
ENSG00000293515.1	ENSG00000293515
ENSG00000261040.10	WFDC21P
ENSG00000267295.1	ENSG00000267295
ENSG00000267772.1	LINC01999
ENSG00000170836.13	PPM1D
ENSG00000253506.3	NACA2
ENSG00000228979.4	PPIAP55
ENSG00000108370.17	RGS9
ENSG00000091583.11	APOH
ENSG00000289877.1	ENSG00000289877
ENSG00000075461.6	CACNG4
ENSG00000267731.1	ENSG00000267731
ENSG00000228118.3	MYL6P5
ENSG00000265469.1	POLR3KP2
ENSG00000141569.12	TRIM65
ENSG00000167880.8	EVPL
ENSG00000275479.1	ENSG00000275479
ENSG00000265688.2	MILIP
ENSG00000101557.15	USP14
ENSG00000264514.1	ENSG00000264514
ENSG00000158270.12	COLEC12
ENSG00000265477.1	ENSG00000265477
ENSG00000176890.16	TYMS
ENSG00000132199.20	ENOSF1
ENSG00000176105.14	YES1
ENSG00000264635.1	ENSG00000264635
ENSG00000101608.13	MYL12A
ENSG00000264235.6	MYL12-AS1
ENSG00000118680.14	MYL12B
ENSG00000243720.1	RPL21P127
ENSG00000177426.22	TGIF1
ENSG00000198081.11	ZBTB14
ENSG00000082397.18	EPB41L3
ENSG00000264000.1	ENSG00000264000
ENSG00000265174.3	ENSG00000265174
ENSG00000088756.13	ARHGAP28
ENSG00000265069.1	ENSG00000265069
ENSG00000206418.5	RAB12
ENSG00000168502.18	MTCL1
ENSG00000266053.3	NDUFV2-AS1
ENSG00000101745.17	ANKRD12
ENSG00000128791.12	TWSG1
ENSG00000017797.13	RALBP1
ENSG00000266805.1	ENSG00000266805
ENSG00000154845.16	PPP4R1
ENSG00000266541.1	ENSG00000266541
ENSG00000168461.13	RAB31
ENSG00000101558.14	VAPA
ENSG00000134265.13	NAPG
ENSG00000154864.14	PIEZO2
ENSG00000257513.8	NPIPB1P
ENSG00000291183.1	ENSG00000291183
ENSG00000141404.17	GNAL
ENSG00000255112.3	CHMP1B
ENSG00000267165.1	CHMP1B-AS1
ENSG00000154889.17	MPPE1
ENSG00000267079.1	ENSG00000267079
ENSG00000141401.12	IMPA2
ENSG00000267480.1	LINC02979
ENSG00000267533.1	ENSG00000267533
ENSG00000293189.1	ENSG00000293189
ENSG00000256616.4	ADGRA3P1
ENSG00000176014.13	TUBB6
ENSG00000141385.12	AFG3L2
ENSG00000267199.1	ENSG00000267199
ENSG00000134278.16	SPIRE1
ENSG00000128789.22	PSMG2
ENSG00000101624.11	CEP76
ENSG00000175354.20	PTPN2
ENSG00000085415.16	SEH1L
ENSG00000266969.1	CEP192-DT
ENSG00000101639.19	CEP192
ENSG00000101654.18	RNMT
ENSG00000267356.1	ENSG00000267356
ENSG00000267704.1	FRG2LP
ENSG00000266145.1	RHOT1P1
ENSG00000283294.2	ENSG00000283294
ENSG00000274214.1	ENSG00000274214
ENSG00000134755.19	DSC2
ENSG00000268573.1	ENSG00000268573
ENSG00000267313.7	KC6
ENSG00000288616.1	ELOA3DP
ENSG00000288631.1	ELOA3P
ENSG00000101670.12	LIPG
ENSG00000176624.12	MEX3C
ENSG00000134046.12	MBD2
ENSG00000166845.15	C18orf54
ENSG00000101542.10	CDH20
ENSG00000081138.14	CDH7
ENSG00000150636.17	CCDC102B
ENSG00000075336.12	TIMM21
ENSG00000244229.1	RPL26P35
ENSG00000226742.4	HSBP1L1
ENSG00000101546.13	RBFA
ENSG00000178184.16	PARD6G
ENSG00000282416.1	ENSG00000282416
ENSG00000282051.2	ENSG00000282051
ENSG00000292987.1	ENSG00000292987
ENSG00000282508.2	LINC01002
ENSG00000282339.1	ENSG00000282339
ENSG00000064666.15	CNN2
ENSG00000079313.15	REXO1
ENSG00000221411.1	MIR1227
ENSG00000178297.15	TMPRSS9
ENSG00000283728.1	MIR7108
ENSG00000226800.5	CACTIN-AS1
ENSG00000011132.12	APBA3
ENSG00000105278.12	ZFR2
ENSG00000167671.12	UBXN6
ENSG00000267769.1	ENSG00000267769
ENSG00000263409.1	MIR4747
ENSG00000269546.1	CLIC4P2
ENSG00000269139.2	ENSG00000269139
ENSG00000188321.14	ZNF559
ENSG00000283108.2	ENSG00000283108
ENSG00000278611.4	ZNF426-DT
ENSG00000079999.14	KEAP1
ENSG00000130734.10	ATG4D
ENSG00000196361.10	ELAVL3
ENSG00000198429.10	ZNF69
ENSG00000141837.23	CACNA1A
ENSG00000187867.10	PALM3
ENSG00000141858.12	SAMD1
ENSG00000105143.13	SLC1A6
ENSG00000006015.18	REX1BD
ENSG00000105696.9	TMEM59L
ENSG00000130283.9	GDF1
ENSG00000213988.11	ZNF90
ENSG00000267383.9	ENSG00000267383
ENSG00000224864.4	ENSG00000224864
ENSG00000267641.1	BNIP3P16
ENSG00000280079.1	ENSG00000280079
ENSG00000271524.1	BNIP3P17
ENSG00000280171.1	ENSG00000280171
ENSG00000269779.1	ENSG00000269779
ENSG00000196109.9	ZNF676
ENSG00000198153.8	ZNF849P
ENSG00000288920.1	RPSA2
ENSG00000267924.1	ENSG00000267924
ENSG00000267204.1	LINC01782
ENSG00000267133.2	ENSG00000267133
ENSG00000232429.3	RPL21P131
ENSG00000166398.14	GARRE1
ENSG00000126249.8	PDCD2L
ENSG00000142279.13	WTIP
ENSG00000261754.2	ENSG00000261754
ENSG00000105711.14	SCN1B
ENSG00000283907.2	ENSG00000283907
ENSG00000004776.13	HSPB6
ENSG00000142065.14	ZFP14
ENSG00000186017.16	ZNF566
ENSG00000254004.7	ZNF260
ENSG00000161298.19	ZNF382
ENSG00000189042.14	ZNF567
ENSG00000267041.6	ZNF850
ENSG00000267260.4	ENSG00000267260
ENSG00000185869.15	ZNF829
ENSG00000197050.11	ZNF420
ENSG00000245680.11	ZNF585B
ENSG00000188283.12	ZNF383
ENSG00000226686.10	LINC01535
ENSG00000286449.1	ENSG00000286449
ENSG00000267470.6	ZNF571-AS1
ENSG00000167642.13	SPINT2
ENSG00000267748.4	ENSG00000267748
ENSG00000286037.1	ENSG00000286037
ENSG00000104824.18	HNRNPL
ENSG00000269486.2	ERVK9-11
ENSG00000275395.7	FCGBP
ENSG00000275652.1	MIR6796
ENSG00000261857.7	MIA
ENSG00000233622.4	CYP2T1P
ENSG00000276926.1	MIR6797
ENSG00000105409.19	ATP1A3
ENSG00000105737.10	GRIK5
ENSG00000105755.8	ETHE1
ENSG00000176472.11	ZNF575
ENSG00000176761.7	ZNF285BP
ENSG00000130203.10	APOE
ENSG00000221803.1	SNORD23
ENSG00000104808.8	DHDH
ENSG00000201675.1	SNORD32A
ENSG00000202503.1	SNORD34
ENSG00000243829.1	ENSG00000243829
ENSG00000276270.1	MIR6799
ENSG00000105053.11	VRK3
ENSG00000142528.16	ZNF473
ENSG00000142530.11	GARIN5A
ENSG00000161671.17	EMC10
ENSG00000268854.1	ENSG00000268854
ENSG00000105379.10	ETFB
ENSG00000268889.2	LIM2-AS1
ENSG00000268144.1	NIFKP6
ENSG00000142512.15	SIGLEC10
ENSG00000254760.1	SIGLEC10-AS2
ENSG00000255441.1	SIGLEC10-AS1
ENSG00000270248.1	ENSG00000270248
ENSG00000198633.11	ZNF534
ENSG00000278543.1	ENSG00000278543
ENSG00000213793.6	ZNF888
ENSG00000269646.1	ZNF888-AS1
ENSG00000267809.1	NDUFV2P1
ENSG00000228323.2	MYADM-AS1
ENSG00000232220.2	MYADM-AS2
ENSG00000267110.1	ENSG00000267110
ENSG00000167646.14	DNAAF3
ENSG00000267577.1	DNAAF3-AS1
ENSG00000284029.1	MIR6805
ENSG00000108106.14	UBE2S
ENSG00000127903.14	ZNF835
ENSG00000286125.3	ENSG00000286125
ENSG00000269699.8	ZIM2
ENSG00000198300.14	PEG3
ENSG00000268654.2	MIMT1
ENSG00000186272.13	ZNF17
ENSG00000179909.16	ZNF154
ENSG00000176293.20	ZNF135
ENSG00000269054.3	ZNF497-AS1
ENSG00000083838.17	ZNF446
ENSG00000178591.7	DEFB125
ENSG00000125878.7	TCF15
ENSG00000234684.8	SDCBP2-AS1
ENSG00000284436.1	MIR6869
ENSG00000286022.1	ENSG00000286022
ENSG00000125780.12	TGM3
ENSG00000149488.14	TMC2
ENSG00000125872.9	LRRN4
ENSG00000125848.10	FLRT3
ENSG00000232333.1	RPS27AP2
ENSG00000125871.14	MGME1
ENSG00000214612.3	RPS19P1
ENSG00000214535.3	RPS15AP1
ENSG00000286444.1	ENSG00000286444
ENSG00000100997.20	ABHD12
ENSG00000278383.1	ENSG00000278383
ENSG00000175170.16	FAM182B
ENSG00000283568.1	5_8S_rRNA
ENSG00000282995.1	FRG1EP
ENSG00000252623.1	RNA5SP481
ENSG00000101460.13	MAP1LC3A
ENSG00000101353.16	MROH8
ENSG00000174365.22	SNHG11
ENSG00000232493.2	RPL12P11
ENSG00000273555.1	MIR6812
ENSG00000226188.2	HNRNPA1P3
ENSG00000293255.1	ENSG00000293255
ENSG00000225849.3	MKRN7P
ENSG00000124171.9	PARD6B
ENSG00000020256.20	ZFP64
ENSG00000124098.10	FAM210B
ENSG00000213714.1	FAM209B
ENSG00000291067.1	ENSG00000291067
ENSG00000124224.20	PPP4R1L
ENSG00000075043.21	KCNQ2
ENSG00000171703.17	TCEA2
ENSG00000274333.4	LINC03104
ENSG00000280330.1	CTBP2P10
ENSG00000279303.1	ENSG00000279303
ENSG00000279177.1	CTBP2P9
ENSG00000229231.1	FEM1AP1
ENSG00000232797.1	FAM207CP
ENSG00000154642.11	C21orf91
ENSG00000225267.1	RPL8P2
ENSG00000142149.9	HUNK
ENSG00000159110.22	IFNAR2
ENSG00000249624.10	IFNAR2-IL10RB
ENSG00000159128.16	IFNGR2
ENSG00000142188.17	TMEM50B
ENSG00000159147.18	DONSON
ENSG00000205670.12	SMIM11
ENSG00000243627.5	SMIM34
ENSG00000230212.6	CBR1-AS1
ENSG00000159228.13	CBR1
ENSG00000289001.1	ENSG00000289001
ENSG00000142197.13	DOP1B
ENSG00000205581.11	HMGN1
ENSG00000160200.18	CBS
ENSG00000160201.12	U2AF1
ENSG00000286549.1	ENSG00000286549
ENSG00000142178.9	SIK1
ENSG00000188660.5	LINC00319
ENSG00000185186.10	LINC00313
ENSG00000160207.9	HSF2BP
ENSG00000160216.21	AGPAT3
ENSG00000160218.13	TRAPPC10
ENSG00000241945.8	PWP2
ENSG00000160221.18	GATD3
ENSG00000225331.2	LINC01678
ENSG00000285413.1	ENSG00000285413
ENSG00000289009.2	ENSG00000289009
ENSG00000197381.18	ADARB1
ENSG00000275167.1	MIR6815
ENSG00000240122.1	FABP5P11
ENSG00000183307.4	TMEM121B
ENSG00000099954.19	CECR2
ENSG00000182902.14	SLC25A18
ENSG00000236754.5	ENSG00000236754
ENSG00000131100.13	ATP6V1E1
ENSG00000015475.19	BID
ENSG00000264757.1	MIR3198-1
ENSG00000243156.9	MICAL3
ENSG00000093100.13	ENSG00000093100
ENSG00000215193.14	PEX26
ENSG00000183628.14	DGCR6
ENSG00000283809.1	ENSG00000283809
ENSG00000273032.3	DGCR5
ENSG00000271275.1	ENSG00000271275
ENSG00000070413.21	DGCR2
ENSG00000273311.1	DGCR11
ENSG00000100075.10	SLC25A1
ENSG00000070371.16	CLTCL1
ENSG00000286367.1	ENSG00000286367
ENSG00000100084.14	HIRA
ENSG00000242259.9	C22orf39
ENSG00000185608.9	MRPL40
ENSG00000185065.6	UFD1-AS1
ENSG00000070010.19	UFD1
ENSG00000273300.1	ENSG00000273300
ENSG00000273212.1	ENSG00000273212
ENSG00000093009.11	CDC45
ENSG00000287652.1	ENSG00000287652
ENSG00000215012.9	RTL10
ENSG00000289960.1	ENSG00000289960
ENSG00000184470.21	TXNRD2
ENSG00000232926.1	ENSG00000232926
ENSG00000093010.15	COMT
ENSG00000099889.14	ARVCF
ENSG00000128191.17	DGCR8
ENSG00000243762.1	ENSG00000243762
ENSG00000099899.16	TRMT2A
ENSG00000099901.18	RANBP1
ENSG00000264346.1	SNORA77B
ENSG00000040608.14	RTN4R
ENSG00000244486.9	SCARF2
ENSG00000099910.17	KLHL22
ENSG00000215493.3	ENSG00000215493
ENSG00000236670.1	KRT18P5
ENSG00000099917.17	MED15
ENSG00000250261.1	CCDC74BP1
ENSG00000291085.1	TMEM191A
ENSG00000226287.10	TMEM191A
ENSG00000099940.12	SNAP29
ENSG00000272600.1	ENSG00000272600
ENSG00000099942.13	CRKL
ENSG00000237476.2	LINC01637
ENSG00000285314.1	ENSG00000285314
ENSG00000099949.22	LZTR1
ENSG00000184436.12	THAP7
ENSG00000226885.1	E2F6P3
ENSG00000169635.10	HIC2
ENSG00000276800.1	Metazoa_SRP
ENSG00000206140.12	TMEM191C
ENSG00000293427.1	ENSG00000293427
ENSG00000183506.18	PI4KAP2
ENSG00000207751.4	ENSG00000207751
ENSG00000284651.1	ENSG00000284651
ENSG00000284654.1	ENSG00000284654
ENSG00000272954.1	ENSG00000272954
ENSG00000100027.17	YPEL1
ENSG00000225282.1	ENSG00000225282
ENSG00000206090.4	ENSG00000206090
ENSG00000231271.1	ENSG00000231271
ENSG00000133433.11	GSTT2B
ENSG00000228039.3	ENSG00000228039
ENSG00000272787.1	ENSG00000272787
ENSG00000099984.12	GSTT2
ENSG00000272798.1	ENSG00000272798
ENSG00000271138.1	IGLVIVOR22-1
ENSG00000277872.1	MIR6817
ENSG00000183762.13	KREMEN1
ENSG00000185340.16	GAS2L1
ENSG00000185133.15	INPP5J
ENSG00000100078.4	PLA2G3
ENSG00000241360.2	PDXP
ENSG00000100139.14	MICALL1
ENSG00000100151.16	PICK1
ENSG00000185022.12	MAFF
ENSG00000100206.11	DMC1
ENSG00000184949.18	FAM227A
ENSG00000263764.1	SNORD43
ENSG00000237214.3	ENSG00000237214
ENSG00000215771.2	LRRC37A14P
ENSG00000289841.1	ENSG00000289841
ENSG00000231261.1	HMGN2P10
ENSG00000205704.9	SMIM45
ENSG00000138944.8	SHISAL1
ENSG00000232363.1	ENSG00000232363
ENSG00000198355.5	PIM3
ENSG00000213683.4	ENSG00000213683
ENSG00000182378.15	PLCXD1
ENSG00000178605.14	GTPBP6
ENSG00000226179.6	LINC00685
ENSG00000167393.18	PPP2R3B
ENSG00000281849.3	ENSG00000281849
ENSG00000275287.5	Metazoa_SRP
ENSG00000185960.15	SHOX
ENSG00000225661.7	RPL14P5
ENSG00000198223.18	CSF2RA
ENSG00000185291.12	IL3RA
ENSG00000169100.14	SLC25A6
ENSG00000236871.7	LINC00106
ENSG00000236017.8	ASMTL-AS1
ENSG00000169093.16	ASMTL
ENSG00000197976.12	AKAP17A
ENSG00000196433.13	ASMT
ENSG00000169084.15	DHRSX
ENSG00000223571.6	DHRSX-IT1
ENSG00000214717.12	ZBED1
ENSG00000289007.2	LINC03112
ENSG00000291040.1	CD99P1
ENSG00000223773.10	CD99P1
ENSG00000002586.20	CD99
ENSG00000285756.2	ENSG00000285756
ENSG00000290746.1	CA5BP1
ENSG00000196564.4	BLOC1S6P1
ENSG00000180815.15	MAP3K15
ENSG00000173674.11	EIF1AX
ENSG00000225071.1	RPS26P58
ENSG00000226781.1	TBCAP1
ENSG00000270069.4	MIR222HG
ENSG00000221994.12	ZNF630
ENSG00000228343.1	ENSG00000228343
ENSG00000279528.1	ENSG00000279528
ENSG00000102109.9	PCSK1N
ENSG00000126768.13	TIMM17B
ENSG00000102057.10	KCND1
ENSG00000154545.17	MAGED4
ENSG00000179304.18	FAM156B
ENSG00000184205.14	TSPYL2
ENSG00000230823.3	CBX1P1
ENSG00000079482.14	OPHN1
ENSG00000130052.14	STARD8
ENSG00000186871.7	ERCC6L
ENSG00000125931.11	CITED1
ENSG00000269911.1	FAM226B
ENSG00000147100.11	SLC16A2
ENSG00000235447.2	TRAPPC13P1
ENSG00000280870.3	MIR325HG
ENSG00000226784.3	PGAM4
ENSG00000215102.2	TERF1P4
ENSG00000188419.14	CHM
ENSG00000230478.1	ENSG00000230478
ENSG00000234702.1	VDAC1P3
ENSG00000179031.8	NSA2P3
ENSG00000102128.8	RAB40AL
ENSG00000293448.1	ENSG00000293448
ENSG00000179363.7	TMEM31
ENSG00000158427.15	TMSB15B
ENSG00000269226.8	TMSB15C
ENSG00000181819.14	KCTD9P2
ENSG00000213569.4	GTF3C6P2
ENSG00000003096.15	KLHL13
ENSG00000131725.14	WDR44
ENSG00000147251.16	DOCK11
ENSG00000131721.6	RHOXF2
ENSG00000177485.7	ZBTB33
ENSG00000122126.18	OCRL
ENSG00000056277.16	ZNF280C
ENSG00000235730.2	OR2AF1P
ENSG00000123728.10	RAP2C
ENSG00000171004.19	HS6ST2
ENSG00000212747.5	RTL8B
ENSG00000214653.4	HNRNPA3P3
ENSG00000215054.3	HNRNPCP10
ENSG00000235254.3	TMEM185AP1
ENSG00000171116.7	HSFX1
ENSG00000029993.15	HMGB3
ENSG00000147400.10	CETN2
ENSG00000147383.11	NSDHL
ENSG00000130821.17	SLC6A8
ENSG00000196924.19	FLNA
ENSG00000102119.12	EMD
ENSG00000071859.15	FAM50A
ENSG00000196976.8	LAGE3
ENSG00000184033.14	CTAG1B
ENSG00000275882.1	IKBKGP1
ENSG00000130826.19	DKC1
ENSG00000206693.1	SNORA56
ENSG00000165775.18	FUNDC2
ENSG00000182712.16	CMC4
ENSG00000214827.11	MTCP1
ENSG00000185515.16	BRCC3
ENSG00000155959.12	VBP1
ENSG00000277150.2	F8A3
ENSG00000168939.13	SPRY3
ENSG00000124333.16	VAMP7
ENSG00000237447.1	CDC27P2
ENSG00000225840.2	ENSG00000225840
ENSG00000251705.1	RNA5-8SP6
ENSG00000215414.4	PSMA6P1
ENSG00000210127.1	MT-TA
ENSG00000210151.2	MT-TS1
ENSG00000277428.1	Y_RNA
ENSG00000276256.1	ENSG00000276256
