	groupID	featureID	exonBaseMean	dispersion	stat	pvalue	padj	Chimp	Human	log2fold_Human_Chimp	genomicData.seqnames	genomicData.start	genomicData.end	genomicData.width	genomicData.strand	countData.Human1_rep1	countData.Human1_rep2	countData.Human2_rep1	countData.Human2_rep2	countData.Human3_rep1	countData.Human3_rep2	countData.Chimp1_rep1	countData.Chimp1_rep2	countData.Chimp2_rep1	countData.Chimp2_rep2	transcripts	exonID
ENSG00000169554.23:E001	ENSG00000169554.23	E001	0.50610961581756	6.93789128351646	1.60098385705621	0.205763839565586	NA	0.965041058593134	0.930783480543099	-0.105652887734265	chr2	144364364	144365626	1263	-	0	0	0	0	7	0	0	1	1	2	ENST00000639389.1	NA
ENSG00000169554.23:E002	ENSG00000169554.23	E002	3.81544711399248	1.33709857160609	0.684743684121287	0.407958023836058	NA	2.74035767328004	2.24825822999985	-0.621862000470513	chr2	144384081	144388015	3935	-	0	0	0	0	32	9	18	3	11	11	ENST00000638087.1,ENST00000636471.1,ENST00000637304.1,ENST00000636413.1,ENST00000638128.1,ENST00000637045.1,ENST00000627532.3,ENST00000638007.1,ENST00000636179.1,ENST00000636820.1	1
ENSG00000169554.23:E003	ENSG00000169554.23	E003	0.0768899624812211	20	0.892683909116101	0.344751028917038	NA	0.517604680582149	0.00386818244621767	-14.1337387026388	chr2	144388016	144388017	2	-	0	0	0	0	0	0	0	0	1	0	ENST00000638087.1,ENST00000636471.1,ENST00000637304.1,ENST00000636413.1,ENST00000638128.1,ENST00000419938.5,ENST00000637045.1,ENST00000627532.3,ENST00000638007.1,ENST00000636179.1,ENST00000636820.1	1
ENSG00000169554.23:E004	ENSG00000169554.23	E004	0.207305390672515	12.0825046124578	1.1871849639341	0.27589811868496	NA	0.758893098832627	0.448914176027927	-1.52278556380475	chr2	144388018	144388133	116	-	0	0	0	0	0	1	2	0	1	0	ENST00000638087.1,ENST00000636471.1,ENST00000637304.1,ENST00000636413.1,ENST00000638128.1,ENST00000419938.5,ENST00000637045.1,ENST00000627532.3,ENST00000638007.1,ENST00000409487.7,ENST00000636179.1,ENST00000636820.1	1
ENSG00000169554.23:E005	ENSG00000169554.23	E005	0.528030426624119	4.79019676662593	1.57472217290717	0.209522562828187	NA	1.22893515862116	0.707114479849435	-1.61598877124941	chr2	144388134	144388309	176	-	0	0	0	0	2	1	6	0	1	3	ENST00000638087.1,ENST00000636471.1,ENST00000440875.6,ENST00000637304.1,ENST00000636413.1,ENST00000638128.1,ENST00000419938.5,ENST00000637045.1,ENST00000627532.3,ENST00000638007.1,ENST00000409487.7,ENST00000636179.1,ENST00000636820.1	1
ENSG00000169554.23:E006	ENSG00000169554.23	E006	0.253033213033348	7.31882525815233	1.70984948863986	0.191004899742632	NA	0.814156207581266	0.589698013054804	-0.937281340285507	chr2	144388310	144388340	31	-	0	0	0	0	1	1	2	0	0	3	ENST00000638087.1,ENST00000636471.1,ENST00000440875.6,ENST00000637304.1,ENST00000636732.2,ENST00000636413.1,ENST00000638128.1,ENST00000419938.5,ENST00000637045.1,ENST00000627532.3,ENST00000638007.1,ENST00000409487.7,ENST00000636179.1,ENST00000636820.1	1
ENSG00000169554.23:E007	ENSG00000169554.23	E007	3.81517866279935	1.37230140456524	0.608391649944451	0.435394025782888	NA	2.76604821791797	2.1825922995363	-0.743268309746344	chr2	144388341	144388661	321	-	0	0	0	0	29	9	13	7	8	10	ENST00000638087.1,ENST00000636471.1,ENST00000440875.6,ENST00000637304.1,ENST00000636732.2,ENST00000636413.1,ENST00000636026.2,ENST00000638128.1,ENST00000419938.5,ENST00000637045.1,ENST00000627532.3,ENST00000638007.1,ENST00000409487.7,ENST00000636179.1,ENST00000636820.1	1
ENSG00000169554.23:E008	ENSG00000169554.23	E008	5.4208693916044	1.00618556524426	0.231353338551344	0.630522159041237	NA	3.26242791687277	2.52832440795773	-0.822859919231009	chr2	144388662	144388779	118	-	0	0	0	0	39	13	17	9	14	16	ENST00000638087.1,ENST00000636471.1,ENST00000440875.6,ENST00000637304.1,ENST00000636732.2,ENST00000636413.1,ENST00000636026.2,ENST00000638128.1,ENST00000419938.5,ENST00000637045.1,ENST00000627532.3,ENST00000638007.1,ENST00000409487.7,ENST00000647488.1,ENST00000636179.1,ENST00000636820.1	1
ENSG00000169554.23:E009	ENSG00000169554.23	E009	2.81054172773654	1.89719796458949	0.774607543422519	0.378795435288377	NA	2.50717793143419	1.79767205979291	-1.02328302116718	chr2	144388780	144388882	103	-	0	0	0	0	16	8	18	1	9	11	ENST00000638087.1,ENST00000636471.1,ENST00000637304.1,ENST00000440875.6,ENST00000636732.2,ENST00000636413.1,ENST00000636026.2,ENST00000638128.1,ENST00000419938.5,ENST00000637045.1,ENST00000627532.3,ENST00000409487.7,ENST00000638007.1,ENST00000647488.1,ENST00000636179.1,ENST00000636820.1,ENST00000675069.1	1
ENSG00000169554.23:E010	ENSG00000169554.23	E010	1.98020786973676	1.93327060463048	1.29342806534993	0.255417161729383	NA	2.03091434047534	1.68173483268998	-0.57137235327914	chr2	144388883	144389212	330	-	0	0	0	0	12	8	14	1	4	6	ENST00000638087.1,ENST00000636471.1,ENST00000440875.6,ENST00000637304.1,ENST00000636732.2,ENST00000636413.1,ENST00000636026.2,ENST00000638128.1,ENST00000637045.1,ENST00000627532.3,ENST00000638007.1,ENST00000409487.7,ENST00000647488.1,ENST00000636179.1,ENST00000636820.1,ENST00000675069.1	1
ENSG00000169554.23:E011	ENSG00000169554.23	E011	3.5727094698774	1.10329844229581	1.00176593993939	0.316883579061682	NA	2.53594319122051	2.36470791685175	-0.219081754598058	chr2	144389213	144389284	72	-	0	0	0	0	28	15	16	2	6	18	ENST00000638087.1,ENST00000636471.1,ENST00000637304.1,ENST00000440875.6,ENST00000636732.2,ENST00000636413.1,ENST00000689298.1,ENST00000636026.2,ENST00000638128.1,ENST00000637045.1,ENST00000627532.3,ENST00000409487.7,ENST00000638007.1,ENST00000647488.1,ENST00000539609.7,ENST00000636179.1,ENST00000636820.1,ENST00000675069.1	1
ENSG00000169554.23:E012	ENSG00000169554.23	E012	4.99260338913381	0.491787986992651	0.26954672645644	0.603635994145681	NA	3.00857018421738	2.77495710337617	-0.260992264376721	chr2	144389285	144389316	32	-	0	0	0	0	35	21	23	4	8	24	ENST00000636471.1,ENST00000636413.1,ENST00000636026.2,ENST00000675069.1,ENST00000637304.1,ENST00000627532.3,ENST00000539609.7,ENST00000647488.1,ENST00000636179.1,ENST00000636820.1,ENST00000638087.1,ENST00000440875.6,ENST00000558170.6,ENST00000638007.1,ENST00000689298.1,ENST00000636732.2,ENST00000638128.1,ENST00000637045.1,ENST00000409487.7	1
ENSG00000169554.23:E013	ENSG00000169554.23	E013	28.5793839525206	0.0137610465826487	0.359215376863204	0.548942318300101	0.870028668170595	6.14601954097684	6.02867991308136	-0.0828705253345801	chr2	144389317	144389753	437	-	0	0	0	0	169	125	150	20	56	126	ENST00000636471.1,ENST00000636413.1,ENST00000636026.2,ENST00000675069.1,ENST00000637304.1,ENST00000627532.3,ENST00000539609.7,ENST00000647488.1,ENST00000636179.1,ENST00000636820.1,ENST00000638087.1,ENST00000440875.6,ENST00000558170.6,ENST00000638007.1,ENST00000303660.8,ENST00000689298.1,ENST00000636732.2,ENST00000638128.1,ENST00000637045.1,ENST00000409487.7	1
ENSG00000169554.23:E014	ENSG00000169554.23	E014	15.1155421439381	0.0173766617896234	-0.030522396472719	1	1	4.86862191667504	4.9618293365798	0.0727675738650255	chr2	144389754	144389865	112	-	0	0	0	0	102	63	77	9	31	65	ENST00000636471.1,ENST00000636413.1,ENST00000675069.1,ENST00000637304.1,ENST00000627532.3,ENST00000539609.7,ENST00000647488.1,ENST00000636179.1,ENST00000636820.1,ENST00000638087.1,ENST00000440875.6,ENST00000558170.6,ENST00000638007.1,ENST00000303660.8,ENST00000689298.1,ENST00000636732.2,ENST00000638128.1,ENST00000637045.1,ENST00000409487.7	1
ENSG00000169554.23:E015	ENSG00000169554.23	E015	11.9635417966683	0.0111696093302681	-0.0279076232130535	1	NA	4.37705707207211	4.59440220497759	0.178649367898474	chr2	144389866	144390028	163	-	0	0	0	0	72	54	51	14	17	55	ENST00000636471.1,ENST00000636413.1,ENST00000636026.2,ENST00000675069.1,ENST00000637304.1,ENST00000627532.3,ENST00000539609.7,ENST00000647488.1,ENST00000636179.1,ENST00000636820.1,ENST00000638087.1,ENST00000440875.6,ENST00000558170.6,ENST00000638007.1,ENST00000303660.8,ENST00000689298.1,ENST00000636732.2,ENST00000638128.1,ENST00000637045.1,ENST00000409487.7	1
ENSG00000169554.23:E016	ENSG00000169554.23	E016	0.0976810944315948	20	1.25538098170307	0.262527222043302	NA	0.00533130232796331	0.602160394883025	13.6466595228155	chr2	144390552	144390601	50	-	0	0	0	0	3	0	0	0	0	0	ENST00000637873.1	NA
ENSG00000169554.23:E017	ENSG00000169554.23	E017	0.366444606189306	8.58407538250339	1.00693360991417	0.315638573530236	NA	1.11806487229627	0.00352371028004628	-16.645649731728	chr2	144394393	144394480	88	-	0	0	0	0	0	0	1	1	2	1	ENST00000647488.1	NA
ENSG00000169554.23:E018	ENSG00000169554.23	E018	5.09100239233938	0.698404447895349	0.50326560654949	0.478068746630597	NA	3.01317539472503	2.71859371226504	-0.331562418699213	chr2	144396412	144396461	50	-	0	0	0	0	27	27	23	7	5	20	ENST00000636471.1,ENST00000636413.1,ENST00000636026.2,ENST00000637873.1,ENST00000639389.1,ENST00000675069.1,ENST00000637304.1,ENST00000627532.3,ENST00000539609.7,ENST00000647488.1,ENST00000636179.1,ENST00000636820.1,ENST00000638087.1,ENST00000440875.6,ENST00000558170.6,ENST00000638007.1,ENST00000303660.8,ENST00000689298.1,ENST00000636732.2,ENST00000638128.1,ENST00000637045.1,ENST00000409487.7	2
ENSG00000169554.23:E019	ENSG00000169554.23	E019	7.25675141560195	0.0617362377436536	-0.212997845610786	1	NA	3.53632855105194	3.49066734004345	-0.0440211251213585	chr2	144396462	144396562	101	-	0	0	0	0	38	33	24	11	13	30	ENST00000636471.1,ENST00000636413.1,ENST00000636026.2,ENST00000639389.1,ENST00000675069.1,ENST00000637304.1,ENST00000627532.3,ENST00000539609.7,ENST00000647488.1,ENST00000636179.1,ENST00000636820.1,ENST00000638087.1,ENST00000440875.6,ENST00000558170.6,ENST00000638007.1,ENST00000303660.8,ENST00000689298.1,ENST00000636732.2,ENST00000638128.1,ENST00000637045.1,ENST00000409487.7	2
ENSG00000169554.23:E020	ENSG00000169554.23	E020	5.02964070305929	0.405703860238439	0.135254992789697	0.713044517262769	NA	3.00613267699264	2.80730314186065	-0.221197173013791	chr2	144396563	144396592	30	-	0	0	0	0	32	23	19	5	10	21	ENST00000636471.1,ENST00000636413.1,ENST00000636026.2,ENST00000675069.1,ENST00000637304.1,ENST00000627532.3,ENST00000539609.7,ENST00000647488.1,ENST00000636179.1,ENST00000636820.1,ENST00000638087.1,ENST00000440875.6,ENST00000558170.6,ENST00000638007.1,ENST00000303660.8,ENST00000689298.1,ENST00000636732.2,ENST00000638128.1,ENST00000637045.1,ENST00000409487.7	2
ENSG00000169554.23:E021	ENSG00000169554.23	E021	5.92118616928762	0.675777394148255	-0.00593678214812599	1	NA	3.37944549246433	2.69442061114168	-0.738904212792609	chr2	144398301	144398318	18	-	0	0	0	0	28	25	20	8	16	21	ENST00000636471.1,ENST00000636413.1,ENST00000636026.2,ENST00000675069.1,ENST00000637304.1,ENST00000627532.3,ENST00000539609.7,ENST00000647488.1,ENST00000636179.1,ENST00000636820.1,ENST00000638087.1,ENST00000440875.6,ENST00000558170.6,ENST00000638007.1,ENST00000303660.8,ENST00000689298.1,ENST00000636732.2,ENST00000638128.1,ENST00000637045.1,ENST00000409487.7	3
ENSG00000169554.23:E022	ENSG00000169554.23	E022	10.9583556596426	0.0239457082344406	0.221887605818338	0.637605406072274	NA	4.24080205482989	4.18050809247455	-0.0514901528154099	chr2	144398319	144398720	402	-	0	0	0	0	60	44	44	14	26	37	ENST00000636471.1,ENST00000636413.1,ENST00000636026.2,ENST00000675069.1,ENST00000637304.1,ENST00000627532.3,ENST00000539609.7,ENST00000636179.1,ENST00000636820.1,ENST00000638087.1,ENST00000440875.6,ENST00000558170.6,ENST00000638007.1,ENST00000303660.8,ENST00000689298.1,ENST00000636732.2,ENST00000638128.1,ENST00000637045.1,ENST00000409487.7	3
ENSG00000169554.23:E023	ENSG00000169554.23	E023	3.11514547495263	1.59115166206569	0.441818532605993	0.506246030620726	NA	2.64401234166384	1.84610758459826	-1.11077580693794	chr2	144398721	144398850	130	-	0	0	0	0	17	8	14	5	5	17	ENST00000636471.1,ENST00000636413.1,ENST00000636026.2,ENST00000675069.1,ENST00000637304.1,ENST00000675145.1,ENST00000627532.3,ENST00000539609.7,ENST00000636179.1,ENST00000636820.1,ENST00000638087.1,ENST00000440875.6,ENST00000558170.6,ENST00000638007.1,ENST00000303660.8,ENST00000689298.1,ENST00000636732.2,ENST00000638128.1,ENST00000637045.1,ENST00000409487.7	3
ENSG00000169554.23:E024	ENSG00000169554.23	E024	5.41677124293019	0.134382081963952	0.154341291598257	0.694420713045103	NA	3.0654258446853	3.18308072501744	0.123722971829812	chr2	144398851	144399079	229	-	0	0	0	0	36	27	24	5	7	24	ENST00000636471.1,ENST00000636413.1,ENST00000636026.2,ENST00000637304.1,ENST00000675145.1,ENST00000627532.3,ENST00000539609.7,ENST00000636179.1,ENST00000636820.1,ENST00000638087.1,ENST00000440875.6,ENST00000558170.6,ENST00000638007.1,ENST00000303660.8,ENST00000689298.1,ENST00000636732.2,ENST00000638128.1,ENST00000637045.1,ENST00000409487.7	3
ENSG00000169554.23:E025	ENSG00000169554.23	E025	8.2472876711497	0.0191132537790271	0.500003481722374	0.479498592352465	NA	3.84743184963481	3.74526673960509	-0.0933341672840604	chr2	144399080	144399350	271	-	0	0	0	0	43	33	44	11	13	30	ENST00000636471.1,ENST00000636413.1,ENST00000636026.2,ENST00000637304.1,ENST00000675145.1,ENST00000627532.3,ENST00000539609.7,ENST00000636179.1,ENST00000636820.1,ENST00000638087.1,ENST00000440875.6,ENST00000558170.6,ENST00000638007.1,ENST00000427902.5,ENST00000303660.8,ENST00000689298.1,ENST00000636732.2,ENST00000638128.1,ENST00000637045.1,ENST00000409487.7	3
ENSG00000169554.23:E026	ENSG00000169554.23	E026	11.3358306909558	0.019578542031076	-0.016951565327517	1	NA	4.28721472800272	4.46843473749397	0.151124719241983	chr2	144399351	144399869	519	-	0	0	0	0	67	55	62	11	15	42	ENST00000636471.1,ENST00000636413.1,ENST00000636026.2,ENST00000637267.2,ENST00000637304.1,ENST00000675145.1,ENST00000627532.3,ENST00000539609.7,ENST00000636179.1,ENST00000636820.1,ENST00000638087.1,ENST00000440875.6,ENST00000558170.6,ENST00000638007.1,ENST00000427902.5,ENST00000303660.8,ENST00000689298.1,ENST00000636732.2,ENST00000638128.1,ENST00000637045.1,ENST00000409487.7	3
ENSG00000169554.23:E027	ENSG00000169554.23	E027	7.23261634544454	0.024616343299275	0.879570652993664	0.348319301044175	NA	3.4501471723913	3.94129121039806	0.457539518316839	chr2	144399870	144400270	401	-	0	0	0	0	45	43	31	5	10	32	ENST00000392861.6,ENST00000636471.1,ENST00000636413.1,ENST00000636026.2,ENST00000637267.2,ENST00000637304.1,ENST00000675145.1,ENST00000627532.3,ENST00000539609.7,ENST00000636179.1,ENST00000636820.1,ENST00000638087.1,ENST00000440875.6,ENST00000558170.6,ENST00000638007.1,ENST00000427902.5,ENST00000303660.8,ENST00000689298.1,ENST00000636732.2,ENST00000638128.1,ENST00000637045.1,ENST00000409487.7	3
ENSG00000169554.23:E028	ENSG00000169554.23	E028	0	NA	NA	NA	NA	NA	NA	NA	chr2	144400271	144400345	75	-	0	0	0	0	0	0	0	0	0	0	ENST00000636471.1	NA
ENSG00000169554.23:E029	ENSG00000169554.23	E029	5.25154204932983	0.793795328718616	0.584809951841692	0.444433125224671	NA	3.04575317277919	2.73596411186648	-0.346308880032329	chr2	144401199	144401307	109	-	0	0	0	0	28	28	15	8	5	29	ENST00000392861.6,ENST00000636471.1,ENST00000636413.1,ENST00000636026.2,ENST00000637267.2,ENST00000419938.5,ENST00000637304.1,ENST00000675145.1,ENST00000627532.3,ENST00000539609.7,ENST00000636179.1,ENST00000636820.1,ENST00000638087.1,ENST00000440875.6,ENST00000558170.6,ENST00000638007.1,ENST00000427902.5,ENST00000303660.8,ENST00000689298.1,ENST00000636732.2,ENST00000638128.1,ENST00000637045.1,ENST00000409487.7	4
ENSG00000169554.23:E030	ENSG00000169554.23	E030	0.324656233318641	7.74470901102097	1.45639107467409	0.227505212535975	NA	0.92688897684463	0.549216106418156	-1.52175961085917	chr2	144401308	144402662	1355	-	0	0	0	0	2	0	1	1	1	0	ENST00000675145.1	NA
ENSG00000169554.23:E031	ENSG00000169554.23	E031	6.88882572965061	0.2112547561992	0.208993669249196	0.64755730157721	NA	3.31066069248239	3.374809365957	0.0641193736637904	chr2	144403916	144403994	79	-	0	0	0	0	31	45	22	10	9	24	ENST00000392861.6,ENST00000636471.1,ENST00000636413.1,ENST00000636026.2,ENST00000637267.2,ENST00000419938.5,ENST00000637304.1,ENST00000627532.3,ENST00000539609.7,ENST00000636179.1,ENST00000636820.1,ENST00000638087.1,ENST00000440875.6,ENST00000558170.6,ENST00000638007.1,ENST00000427902.5,ENST00000303660.8,ENST00000689298.1,ENST00000636732.2,ENST00000638128.1,ENST00000637045.1,ENST00000409487.7	5
ENSG00000169554.23:E032	ENSG00000169554.23	E032	7.72321383817601	0.529071520693309	0.289979782403407	0.590233486474997	NA	3.59209615079095	3.2259078163694	-0.361088459853605	chr2	144403995	144404097	103	-	0	0	0	0	31	47	25	13	15	15	ENST00000392861.6,ENST00000636471.1,ENST00000497268.1,ENST00000636413.1,ENST00000636026.2,ENST00000637267.2,ENST00000419938.5,ENST00000637304.1,ENST00000627532.3,ENST00000539609.7,ENST00000636179.1,ENST00000636820.1,ENST00000638087.1,ENST00000440875.6,ENST00000558170.6,ENST00000638007.1,ENST00000427902.5,ENST00000303660.8,ENST00000689298.1,ENST00000636732.2,ENST00000638128.1,ENST00000637045.1,ENST00000409487.7	5
ENSG00000169554.23:E033	ENSG00000169554.23	E033	4.2352851057295	1.0167267712205	0.695749705362914	0.404215550922831	NA	2.76711716606511	2.48014905763625	-0.346987979611304	chr2	144404098	144404130	33	-	0	0	0	0	18	26	14	4	11	14	ENST00000392861.6,ENST00000636471.1,ENST00000497268.1,ENST00000636413.1,ENST00000636026.2,ENST00000637267.2,ENST00000419938.5,ENST00000637304.1,ENST00000627532.3,ENST00000539609.7,ENST00000636179.1,ENST00000636820.1,ENST00000638087.1,ENST00000440875.6,ENST00000558170.6,ENST00000638007.1,ENST00000427902.5,ENST00000303660.8,ENST00000689298.1,ENST00000636732.2,ENST00000638128.1,ENST00000637045.1,ENST00000409487.7,ENST00000431672.4	5
ENSG00000169554.23:E034	ENSG00000169554.23	E034	6.2869191759472	0.352134818535482	0.89062241191894	0.345308695921158	NA	3.10321132292127	3.30993535458512	0.213183621208244	chr2	144404836	144404995	160	-	0	0	0	0	30	48	29	3	10	21	ENST00000392861.6,ENST00000636471.1,ENST00000497268.1,ENST00000636413.1,ENST00000636026.2,ENST00000637267.2,ENST00000637304.1,ENST00000627532.3,ENST00000539609.7,ENST00000636179.1,ENST00000636820.1,ENST00000638087.1,ENST00000440875.6,ENST00000558170.6,ENST00000638007.1,ENST00000427902.5,ENST00000303660.8,ENST00000689298.1,ENST00000636732.2,ENST00000638128.1,ENST00000637045.1,ENST00000409487.7,ENST00000431672.4	6
ENSG00000169554.23:E035	ENSG00000169554.23	E035	2.43732748321524	2.35207303849599	2.41373341617168	0.120275215453594	NA	1.87205881307677	2.15022454902708	0.422998887776011	chr2	144404996	144405002	7	-	0	0	0	0	15	20	16	0	2	6	ENST00000392861.6,ENST00000636471.1,ENST00000497268.1,ENST00000636413.1,ENST00000636026.2,ENST00000637267.2,ENST00000637304.1,ENST00000627532.3,ENST00000539609.7,ENST00000409211.5,ENST00000636179.1,ENST00000636820.1,ENST00000638087.1,ENST00000440875.6,ENST00000558170.6,ENST00000638007.1,ENST00000427902.5,ENST00000303660.8,ENST00000689298.1,ENST00000636732.2,ENST00000638128.1,ENST00000637045.1,ENST00000409487.7,ENST00000431672.4	6
ENSG00000169554.23:E036	ENSG00000169554.23	E036	2.93965000211776	2.22155436053146	2.25831672285875	0.132898446113747	NA	2.07441582399055	2.31061327721209	0.332641393896069	chr2	144405003	144405024	22	-	0	0	0	0	20	22	19	0	2	10	ENST00000392861.6,ENST00000636471.1,ENST00000497268.1,ENST00000636413.1,ENST00000636026.2,ENST00000637267.2,ENST00000637304.1,ENST00000627532.3,ENST00000539609.7,ENST00000409211.5,ENST00000636179.1,ENST00000636820.1,ENST00000638087.1,ENST00000440875.6,ENST00000558170.6,ENST00000465308.5,ENST00000638007.1,ENST00000427902.5,ENST00000303660.8,ENST00000689298.1,ENST00000636732.2,ENST00000638128.1,ENST00000637045.1,ENST00000409487.7,ENST00000431672.4	6
ENSG00000169554.23:E037	ENSG00000169554.23	E037	0.225555297822865	6.99566675186317	2.07829011988952	0.149407459678693	NA	0.665774275627748	0.686729122487156	0.0900117866746128	chr2	144405025	144405373	349	-	0	0	0	0	2	1	2	0	0	1	ENST00000497268.1	NA
ENSG00000169554.23:E038	ENSG00000169554.23	E038	3.32523965206711	2.25361862091567	1.72167405707998	0.18947769961839	NA	2.33382219139256	2.32190142679318	-0.0159259702851458	chr2	144424796	144424855	60	-	0	0	0	0	25	19	18	0	3	21	ENST00000392861.6,ENST00000638087.1,ENST00000636471.1,ENST00000637304.1,ENST00000636732.2,ENST00000636413.1,ENST00000636026.2,ENST00000558170.6,ENST00000637267.2,ENST00000465308.5,ENST00000637045.1,ENST00000627532.3,ENST00000409487.7,ENST00000638007.1,ENST00000427902.5,ENST00000303660.8,ENST00000636179.1,ENST00000636820.1	7
ENSG00000169554.23:E039	ENSG00000169554.23	E039	2.06618993720918	3.05414774374468	1.62483381720449	0.20241909589429	NA	2.03661332342087	1.71823017352541	-0.515403762928364	chr2	144424856	144424864	9	-	0	0	0	0	15	8	14	0	1	18	ENST00000392861.6,ENST00000636471.1,ENST00000636413.1,ENST00000636026.2,ENST00000637267.2,ENST00000637304.1,ENST00000627532.3,ENST00000636179.1,ENST00000636820.1,ENST00000638087.1,ENST00000558170.6,ENST00000465308.5,ENST00000638007.1,ENST00000427902.5,ENST00000303660.8,ENST00000434448.5,ENST00000636732.2,ENST00000637045.1,ENST00000409487.7	7
ENSG00000169554.23:E040	ENSG00000169554.23	E040	2.12622821723019	3.07793784095904	1.57721024806739	0.209162992792379	NA	2.08297325493583	1.71745429368356	-0.585678065461585	chr2	144424865	144424867	3	-	0	0	0	0	15	8	14	0	1	20	ENST00000392861.6,ENST00000638087.1,ENST00000636471.1,ENST00000637304.1,ENST00000636732.2,ENST00000636413.1,ENST00000636026.2,ENST00000558170.6,ENST00000637267.2,ENST00000465308.5,ENST00000637045.1,ENST00000627532.3,ENST00000409487.7,ENST00000638007.1,ENST00000427902.5,ENST00000636179.1,ENST00000636820.1,ENST00000434448.5	7
ENSG00000169554.23:E041	ENSG00000169554.23	E041	0.121589071427071	11.7690074853721	1.68785876583846	0.193883471605985	NA	0.407548514545866	0.569420670153759	0.968372429272006	chr2	144424868	144424953	86	-	0	0	0	0	1	1	1	0	0	0	ENST00000636732.2	NA
ENSG00000169554.23:E042	ENSG00000169554.23	E042	0.578153899471592	5.23452668311252	2.84286390776435	0.0917804977680826	NA	0.763550694254922	1.21910581436877	1.36900906886991	chr2	144426513	144429555	3043	-	0	0	0	0	7	4	2	0	1	0	ENST00000472146.5	NA
ENSG00000169554.23:E043	ENSG00000169554.23	E043	0.0768899624812211	20	0.892683909116101	0.344751028917038	NA	0.517604680582149	0.00386818244621767	-14.1337387026388	chr2	144429556	144429602	47	-	0	0	0	0	0	0	0	0	1	0	ENST00000461784.3,ENST00000472146.5	NA
ENSG00000169554.23:E044	ENSG00000169554.23	E044	0.282251321975617	6.82053512026597	2.03236239273937	0.153981097958193	NA	0.710388758880427	0.767091150166747	0.223339095135361	chr2	144429603	144429768	166	-	0	0	0	0	3	1	0	0	1	2	ENST00000461784.3,ENST00000472146.5,ENST00000476394.5	NA
ENSG00000169554.23:E045	ENSG00000169554.23	E045	2.48842433821421	2.79622377546366	1.7974328322687	0.180023163039128	NA	2.116613472308	1.96998632242489	-0.219605622762426	chr2	144429769	144429787	19	-	0	0	0	0	19	12	15	0	1	20	ENST00000392861.6,ENST00000636471.1,ENST00000636413.1,ENST00000636026.2,ENST00000637267.2,ENST00000419938.5,ENST00000476394.5,ENST00000461784.3,ENST00000472146.5,ENST00000637304.1,ENST00000627532.3,ENST00000539609.7,ENST00000409211.5,ENST00000636179.1,ENST00000636820.1,ENST00000638087.1,ENST00000440875.6,ENST00000558170.6,ENST00000637591.2,ENST00000465308.5,ENST00000638007.1,ENST00000427902.5,ENST00000303660.8,ENST00000434448.5,ENST00000689298.1,ENST00000636732.2,ENST00000638128.1,ENST00000637045.1,ENST00000409487.7,ENST00000431672.4	8
ENSG00000169554.23:E046	ENSG00000169554.23	E046	4.10000725941116	1.21907683732266	1.01415143592121	0.31391033353343	NA	2.73654132119824	2.43710474561096	-0.366357257694347	chr2	144429788	144429825	38	-	0	0	0	0	27	19	19	4	2	27	ENST00000392861.6,ENST00000636471.1,ENST00000636413.1,ENST00000636026.2,ENST00000637267.2,ENST00000419938.5,ENST00000476394.5,ENST00000461784.3,ENST00000472146.5,ENST00000637304.1,ENST00000479735.1,ENST00000627532.3,ENST00000539609.7,ENST00000636179.1,ENST00000636820.1,ENST00000409211.5,ENST00000638087.1,ENST00000440875.6,ENST00000558170.6,ENST00000637591.2,ENST00000465308.5,ENST00000638007.1,ENST00000427902.5,ENST00000303660.8,ENST00000434448.5,ENST00000689298.1,ENST00000636732.2,ENST00000638128.1,ENST00000637045.1,ENST00000409487.7,ENST00000431672.4	8
ENSG00000169554.23:E047	ENSG00000169554.23	E047	5.93389593588079	0.416778210798572	-0.145584575074594	1	NA	3.33145279059636	2.8563798902348	-0.504131795201395	chr2	144429826	144429910	85	-	0	0	0	0	27	29	27	8	8	27	ENST00000392861.6,ENST00000636471.1,ENST00000636413.1,ENST00000636026.2,ENST00000637267.2,ENST00000419938.5,ENST00000476394.5,ENST00000461784.3,ENST00000472146.5,ENST00000637304.1,ENST00000453352.5,ENST00000479735.1,ENST00000627532.3,ENST00000539609.7,ENST00000636179.1,ENST00000636820.1,ENST00000409211.5,ENST00000638087.1,ENST00000440875.6,ENST00000558170.6,ENST00000637591.2,ENST00000465308.5,ENST00000435831.5,ENST00000427902.5,ENST00000303660.8,ENST00000638007.1,ENST00000434448.5,ENST00000689298.1,ENST00000636732.2,ENST00000638128.1,ENST00000637045.1,ENST00000409487.7,ENST00000431672.4	8
ENSG00000169554.23:E048	ENSG00000169554.23	E048	7.40983744791501	0.579356107906521	-0.176215536337196	1	NA	3.76563315283371	2.87738893186249	-0.896579399423445	chr2	144429911	144429981	71	-	0	0	0	0	28	32	30	15	12	23	ENST00000392861.6,ENST00000636471.1,ENST00000636413.1,ENST00000636026.2,ENST00000637267.2,ENST00000419938.5,ENST00000476394.5,ENST00000461784.3,ENST00000472146.5,ENST00000637304.1,ENST00000453352.5,ENST00000479735.1,ENST00000627532.3,ENST00000539609.7,ENST00000636179.1,ENST00000636820.1,ENST00000409211.5,ENST00000638087.1,ENST00000440875.6,ENST00000558170.6,ENST00000637591.2,ENST00000465308.5,ENST00000444559.5,ENST00000435831.5,ENST00000427902.5,ENST00000303660.8,ENST00000638007.1,ENST00000434448.5,ENST00000689298.1,ENST00000636732.2,ENST00000638128.1,ENST00000637045.1,ENST00000409487.7,ENST00000431672.4	8
ENSG00000169554.23:E049	ENSG00000169554.23	E049	5.84542635700592	0.551746442226999	0.0544200855070756	0.815543110680128	NA	3.28815745847172	2.79225341436117	-0.53350816424849	chr2	144429982	144430026	45	-	0	0	0	0	29	27	22	9	12	17	ENST00000392861.6,ENST00000636471.1,ENST00000636413.1,ENST00000636026.2,ENST00000637267.2,ENST00000419938.5,ENST00000476394.5,ENST00000461784.3,ENST00000472146.5,ENST00000637304.1,ENST00000453352.5,ENST00000630572.2,ENST00000479735.1,ENST00000627532.3,ENST00000539609.7,ENST00000636179.1,ENST00000636820.1,ENST00000409211.5,ENST00000638087.1,ENST00000440875.6,ENST00000558170.6,ENST00000637591.2,ENST00000465308.5,ENST00000444559.5,ENST00000435831.5,ENST00000427902.5,ENST00000303660.8,ENST00000638007.1,ENST00000434448.5,ENST00000689298.1,ENST00000636732.2,ENST00000638128.1,ENST00000637045.1,ENST00000409487.7,ENST00000431672.4	8
ENSG00000169554.23:E050	ENSG00000169554.23	E050	0	NA	NA	NA	NA	NA	NA	NA	chr2	144430538	144430744	207	-	0	0	0	0	0	0	0	0	0	0	ENST00000638087.1	NA
ENSG00000169554.23:E051	ENSG00000169554.23	E051	0.0325603648105316	20	1.1506775250767	0.283407364815625	NA	0.00525969034538876	0.380280209330912	12.3549250292448	chr2	144430745	144430934	190	-	0	0	0	0	1	0	0	0	0	0	ENST00000638087.1,ENST00000638007.1	NA
ENSG00000169554.23:E052	ENSG00000169554.23	E052	0.0325603648105316	20	1.1506775250767	0.283407364815625	NA	0.00525969034538876	0.380280209330912	12.354925029245	chr2	144430935	144430942	8	-	0	0	0	0	1	0	0	0	0	0	ENST00000638007.1	NA
ENSG00000169554.23:E053	ENSG00000169554.23	E053	0.0325603648105316	20	1.1506775250767	0.283407364815625	NA	0.00525969034538876	0.380280209330911	12.3549250292448	chr2	144430981	144431022	42	-	0	0	0	0	1	0	0	0	0	0	ENST00000636413.1	NA
ENSG00000169554.23:E054	ENSG00000169554.23	E054	0.0625795048210392	20	0.972466000922765	0.324065934519751	NA	0.35386070398721	0.380280209780803	0.208170690670318	chr2	144455052	144455173	122	-	0	0	0	0	1	0	0	0	0	1	ENST00000637045.1,ENST00000440875.6	NA
ENSG00000169554.23:E055	ENSG00000169554.23	E055	0.0802023498523169	20	1.25173477939731	0.263221402315329	NA	0.00531226705523302	0.548436330042022	13.3860329617053	chr2	144455174	144455200	27	-	0	0	0	0	1	1	0	0	0	0	ENST00000637045.1	NA
ENSG00000169554.23:E056	ENSG00000169554.23	E056	1.32001325884684	4.54031103002636	1.50391795010734	0.220069504056986	NA	1.6515512327443	1.32123255877785	-0.664409870621456	chr2	144461112	144461832	721	-	0	0	0	0	15	0	2	4	2	1	ENST00000628473.1	NA
ENSG00000169554.23:E057	ENSG00000169554.23	E057	0.420197754246123	7.6934250591724	1.20656795480591	0.272012896384659	NA	1.09849357080265	0.54953219040441	-2.0175019110791	chr2	144461833	144462337	505	-	0	0	0	0	2	0	0	1	2	2	ENST00000628473.1,ENST00000484313.3	NA
ENSG00000169554.23:E058	ENSG00000169554.23	E058	0.635743303051004	5.93672683617439	2.40030679210426	0.121311457421307	NA	0.988677296140268	1.08567872724634	0.274273295189965	chr2	144462338	144464078	1741	-	0	0	0	0	7	2	0	2	0	1	ENST00000628473.1	NA
ENSG00000169554.23:E059	ENSG00000169554.23	E059	0.0476419850417853	20	1.17553783420728	0.278266279517242	NA	0.00527639811719105	0.434480658999114	12.7311611623229	chr2	144464166	144464342	177	-	0	0	0	0	0	1	0	0	0	0	ENST00000484313.3	NA
ENSG00000169554.23:E060	ENSG00000169554.23	E060	0	NA	NA	NA	NA	NA	NA	NA	chr2	144470419	144470498	80	-	0	0	0	0	0	0	0	0	0	0	ENST00000637591.2	NA
ENSG00000169554.23:E061	ENSG00000169554.23	E061	0.0476419850417853	20	1.17553783420728	0.278266279517242	NA	0.00527639811719105	0.434480658999114	12.7311611623225	chr2	144478988	144479016	29	-	0	0	0	0	0	1	0	0	0	0	ENST00000689298.1	NA
ENSG00000169554.23:E062	ENSG00000169554.23	E062	1.18880503996759	4.71169859202229	1.11914544282055	0.290102536622587	NA	1.76781184075255	0.981033552351655	-1.74443395760376	chr2	144482169	144482341	173	-	0	0	0	0	6	1	0	4	3	5	ENST00000636820.1	NA
ENSG00000169554.23:E063	ENSG00000169554.23	E063	0	NA	NA	NA	NA	NA	NA	NA	chr2	144497708	144497764	57	-	0	0	0	0	0	0	0	0	0	0	ENST00000453352.5,ENST00000434448.5	NA
ENSG00000169554.23:E064	ENSG00000169554.23	E064	0.142781854673356	11.093675873005	1.83037620663896	0.176083116297423	NA	0.364880167399444	0.663286398634861	1.73087093334755	chr2	144503662	144504633	972	-	0	0	0	0	2	1	0	0	0	1	ENST00000629955.1	NA
ENSG00000169554.23:E065	ENSG00000169554.23	E065	0	NA	NA	NA	NA	NA	NA	NA	chr2	144507379	144507420	42	-	0	0	0	0	0	0	0	0	0	0	ENST00000636179.1	NA
ENSG00000169554.23:E066	ENSG00000169554.23	E066	0	NA	NA	NA	NA	NA	NA	NA	chr2	144511385	144511388	4	-	0	0	0	0	0	0	0	0	0	0	ENST00000465070.5	NA
ENSG00000169554.23:E067	ENSG00000169554.23	E067	0	NA	NA	NA	NA	NA	NA	NA	chr2	144511389	144511390	2	-	0	0	0	0	0	0	0	0	0	0	ENST00000465070.5,ENST00000470879.5,ENST00000636445.1,ENST00000629520.2	NA
ENSG00000169554.23:E068	ENSG00000169554.23	E068	2.13769923988018	2.06234127804256	0.702282403299535	0.402017834814764	NA	2.27138650303909	1.47259020784764	-1.3127212817605	chr2	144511391	144513422	2032	-	0	0	0	0	10	5	13	4	3	8	ENST00000465070.5,ENST00000629520.2,ENST00000636445.1,ENST00000470879.5,ENST00000625161.1	NA
ENSG00000169554.23:E069	ENSG00000169554.23	E069	0.955059535925685	3.80416229477802	2.4101421422377	0.120551419509608	NA	1.30955267067129	1.24500024305137	-0.14931065434808	chr2	144513423	144513797	375	-	0	0	0	0	7	4	2	3	0	1	ENST00000465070.5,ENST00000629520.2,ENST00000636445.1,ENST00000462355.2,ENST00000470879.5,ENST00000625161.1	NA
ENSG00000169554.23:E070	ENSG00000169554.23	E070	0.434858433071076	10.6101893292046	1.39055411388398	0.238311545362111	NA	0.977170833577864	0.782929815189707	-0.646635367965655	chr2	144513798	144514451	654	-	0	0	0	0	5	0	1	0	3	0	ENST00000625161.1	NA
ENSG00000169554.23:E071	ENSG00000169554.23	E071	0.534081852644814	3.91959186669383	2.84139140961665	0.0918646339642093	NA	0.81776334750086	1.16437646902511	1.03402310239167	chr2	144515949	144516164	216	-	0	0	0	0	8	2	1	0	1	2	ENST00000637304.1	NA
ENSG00000169554.23:E072	ENSG00000169554.23	E072	0.312012911142213	5.99113066695778	2.75382334430458	0.097022172759158	NA	0.544615230122521	0.952711145309234	1.62644228087037	chr2	144516336	144516397	62	-	0	0	0	0	3	3	1	0	0	1	ENST00000638128.1	NA
ENSG00000169554.23:E073	ENSG00000169554.23	E073	0.385930129030331	14.7122875357008	1.98180107089772	0.159200796225431	NA	0.00536971772645245	1.11344535941907	15.4179850376063	chr2	144516458	144516553	96	-	0	0	0	0	6	4	0	0	0	0	ENST00000479735.1,ENST00000636445.1	NA
ENSG00000169554.23:E074	ENSG00000169554.23	E074	0.612937419680981	8.6815562110073	2.54011743215347	0.110986531574599	NA	0.50922497352328	1.32318662646817	2.78658543851193	chr2	144516554	144516761	208	-	0	0	0	0	15	1	0	0	1	0	ENST00000479735.1	NA
ENSG00000169554.23:E075	ENSG00000169554.23	E075	7.01159923543448	0.0231913010226682	0.17167310309398	0.67862912864387	NA	3.47656423388148	3.82639724547035	0.328437574766548	chr2	144517278	144517419	142	-	0	0	0	0	49	33	27	5	13	34	ENST00000392861.6,ENST00000636471.1,ENST00000470879.5,ENST00000636026.2,ENST00000637267.2,ENST00000419938.5,ENST00000476394.5,ENST00000461784.3,ENST00000472146.5,ENST00000453352.5,ENST00000630572.2,ENST00000462355.2,ENST00000627532.3,ENST00000539609.7,ENST00000409211.5,ENST00000465070.5,ENST00000629955.1,ENST00000636445.1,ENST00000558170.6,ENST00000637591.2,ENST00000465308.5,ENST00000444559.5,ENST00000435831.5,ENST00000427902.5,ENST00000303660.8,ENST00000434448.5,ENST00000689298.1,ENST00000629520.2,ENST00000636732.2,ENST00000409487.7,ENST00000431672.4,ENST00000484313.3	9
ENSG00000169554.23:E076	ENSG00000169554.23	E076	0.988218906281223	4.03369136235863	2.07330932931904	0.149895956494854	NA	1.27260720981744	1.38330041643208	0.246811014095383	chr2	144517420	144517506	87	-	0	0	0	0	15	1	1	0	3	6	ENST00000461784.3,ENST00000558170.6,ENST00000431672.4	NA
ENSG00000169554.23:E077	ENSG00000169554.23	E077	0.549019372424068	4.22339189377937	2.52673512210703	0.111931597968586	NA	0.884754669899408	1.13982253419802	0.741756353890415	chr2	144517507	144517551	45	-	0	0	0	0	9	1	1	0	1	3	ENST00000461784.3,ENST00000558170.6	NA
ENSG00000169554.23:E078	ENSG00000169554.23	E078	0.0802023498523169	20	1.25173477939731	0.263221402315329	NA	0.00531226705523302	0.548436330042022	13.3860329617055	chr2	144517552	144517557	6	-	0	0	0	0	1	1	0	0	0	0	ENST00000461784.3	NA
ENSG00000169554.23:E079	ENSG00000169554.23	E079	0.0300191400105076	20	0.898216783140924	0.343260307512026	NA	0.353860704014348	0.00384792709782622	-13.0485474122235	chr2	144517612	144517632	21	-	0	0	0	0	0	0	0	0	0	1	ENST00000462355.2,ENST00000409487.7,ENST00000484313.3	NA
ENSG00000169554.23:E080	ENSG00000169554.23	E080	0.0951398696315709	20	1.01807809674466	0.312975324157839	NA	0.35386070396118	0.507273318777219	1.0419425817545	chr2	144517633	144517658	26	-	0	0	0	0	2	0	0	0	0	1	ENST00000462355.2,ENST00000409487.7	NA
ENSG00000169554.23:E081	ENSG00000169554.23	E081	0.0951398696315709	20	1.01807809674466	0.312975324157839	NA	0.35386070396118	0.507273318777219	1.0419425817545	chr2	144517659	144517686	28	-	0	0	0	0	2	0	0	0	0	1	ENST00000462355.2,ENST00000470879.5,ENST00000409487.7,ENST00000427902.5	NA
ENSG00000169554.23:E082	ENSG00000169554.23	E082	0.169086956016857	11.4458047873193	1.47604206259638	0.224394806554461	NA	0.531406552905468	0.628277993576192	0.485536321905039	chr2	144517687	144517718	32	-	0	0	0	0	3	0	1	0	0	1	ENST00000629955.1,ENST00000462355.2,ENST00000470879.5,ENST00000435831.5,ENST00000427902.5,ENST00000409487.7	NA
ENSG00000169554.23:E083	ENSG00000169554.23	E083	0.169086956016857	11.4458047873193	1.47604206259638	0.224394806554461	NA	0.531406552905468	0.628277993576192	0.485536321905039	chr2	144517719	144517745	27	-	0	0	0	0	3	0	1	0	0	1	ENST00000629955.1,ENST00000462355.2,ENST00000470879.5,ENST00000409487.7,ENST00000435831.5	NA
ENSG00000169554.23:E084	ENSG00000169554.23	E084	0.171628180816881	19.2731997450417	1.12187848351869	0.289514327156334	NA	0.401699668888451	0.682943325717567	1.53771212589788	chr2	144517746	144517750	5	-	0	0	0	0	4	0	1	0	0	0	ENST00000629955.1,ENST00000630572.2,ENST00000462355.2,ENST00000470879.5,ENST00000435831.5,ENST00000409487.7	NA
ENSG00000169554.23:E085	ENSG00000169554.23	E085	0.171628180816881	19.2731997450417	1.12187848351869	0.289514327156334	NA	0.401699668888451	0.682943325717567	1.53771212589788	chr2	144517751	144517755	5	-	0	0	0	0	4	0	1	0	0	0	ENST00000629955.1,ENST00000630572.2,ENST00000470879.5,ENST00000409487.7,ENST00000435831.5	NA
ENSG00000169554.23:E086	ENSG00000169554.23	E086	0.204188545627412	18.6806008034812	1.17968770488429	0.277419581796759	NA	0.402052919019964	0.753735615661897	1.82189282540706	chr2	144517756	144517825	70	-	0	0	0	0	5	0	1	0	0	0	ENST00000630572.2,ENST00000409487.7,ENST00000629955.1,ENST00000435831.5	NA
ENSG00000169554.23:E087	ENSG00000169554.23	E087	0.162801824052658	20	1.3167447758251	0.251177098276786	NA	0.00539819684333631	0.750656641754285	14.2509136884217	chr2	144517826	144517897	72	-	0	0	0	0	5	0	0	0	0	0	ENST00000630572.2,ENST00000629955.1,ENST00000435831.5	NA
ENSG00000169554.23:E088	ENSG00000169554.23	E088	0.0325603648105316	20	1.1506775250767	0.283407364815625	NA	0.00525969034538876	0.380280209330911	12.3549250292449	chr2	144517898	144518007	110	-	0	0	0	0	1	0	0	0	0	0	ENST00000630572.2,ENST00000629955.1	NA
ENSG00000169554.23:E089	ENSG00000169554.23	E089	0	NA	NA	NA	NA	NA	NA	NA	chr2	144518008	144518026	19	-	0	0	0	0	0	0	0	0	0	0	ENST00000630572.2	NA
ENSG00000169554.23:E090	ENSG00000169554.23	E090	0.0827734431495087	20	0.855864697654539	0.354898519988717	NA	0.557277179077715	0.00387099943912861	-14.3456238329275	chr2	144518134	144518261	128	-	0	0	0	0	0	0	2	0	0	0	ENST00000392861.6	NA
ENSG00000169554.23:E091	ENSG00000169554.23	E091	0.266912150900451	9.4278659779432	2.2802110461503	0.131034042038951	NA	0.410270647153188	0.901477448059405	2.28497393283753	chr2	144518293	144518406	114	-	0	0	0	0	4	2	1	0	0	0	ENST00000636732.2,ENST00000409211.5,ENST00000434448.5,ENST00000465308.5	NA
ENSG00000169554.23:E092	ENSG00000169554.23	E092	0.0476419850417853	20	1.17553783420728	0.278266279517242	NA	0.00527639811719105	0.434480658999114	12.7311611623227	chr2	144518407	144518424	18	-	0	0	0	0	0	1	0	0	0	0	ENST00000636732.2,ENST00000409211.5,ENST00000465308.5	NA
ENSG00000169554.23:E093	ENSG00000169554.23	E093	0.0476419850417853	20	1.17553783420728	0.278266279517242	NA	0.00527639811719172	0.434480658999114	12.7311611623224	chr2	144518425	144518446	22	-	0	0	0	0	0	1	0	0	0	0	ENST00000465308.5,ENST00000409211.5	NA
ENSG00000169554.23:E094	ENSG00000169554.23	E094	0.0476419850417853	20	1.17553783420728	0.278266279517242	NA	0.00527639811719105	0.434480658999114	12.7311611623226	chr2	144518447	144518450	4	-	0	0	0	0	0	1	0	0	0	0	ENST00000409211.5	NA
ENSG00000169554.23:E095	ENSG00000169554.23	E095	2.33888542789685	1.5846226173255	1.24976444534991	0.263597471710165	NA	2.09427734800853	1.92065429662305	-0.264211879061532	chr2	144519939	144520006	68	-	0	0	0	0	10	15	11	2	3	11	ENST00000465070.5,ENST00000636471.1,ENST00000453352.5,ENST00000636445.1,ENST00000636026.2,ENST00000637267.2,ENST00000465308.5,ENST00000419938.5,ENST00000444559.5,ENST00000627532.3,ENST00000539609.7,ENST00000303660.8,ENST00000472146.5,ENST00000689298.1	10
ENSG00000169554.23:E096	ENSG00000169554.23	E096	1.29954877038321	4.51938505736368	2.31253880624928	0.128334287138423	NA	1.44070371938572	1.5546987999769	0.226863431064658	chr2	144520007	144520102	96	-	0	0	0	0	12	7	11	0	0	4	ENST00000465070.5,ENST00000636471.1,ENST00000453352.5,ENST00000636445.1,ENST00000636026.2,ENST00000637267.2,ENST00000465308.5,ENST00000419938.5,ENST00000444559.5,ENST00000627532.3,ENST00000539609.7,ENST00000472146.5,ENST00000689298.1	10
ENSG00000169554.23:E097	ENSG00000169554.23	E097	0.471274665477031	8.75380155666418	2.14351686189497	0.143173339969246	NA	0.788607990803517	1.0320492277759	0.785569404230319	chr2	144520103	144520119	17	-	0	0	0	0	5	3	4	0	0	0	ENST00000465070.5,ENST00000636471.1,ENST00000453352.5,ENST00000636445.1,ENST00000636026.2,ENST00000637267.2,ENST00000465308.5,ENST00000444559.5,ENST00000627532.3,ENST00000539609.7,ENST00000472146.5,ENST00000689298.1	10
ENSG00000169554.23:E098	ENSG00000169554.23	E098	0.673589954907919	6.19973588450261	1.80774057164953	0.178779507402335	NA	1.22426159721044	0.92759991389155	-0.814065352449758	chr2	144520120	144520151	32	-	0	0	0	0	4	2	4	2	0	0	ENST00000465070.5,ENST00000636471.1,ENST00000636445.1,ENST00000636026.2,ENST00000637267.2,ENST00000465308.5,ENST00000444559.5	NA
ENSG00000169554.23:E099	ENSG00000169554.23	E099	0.584561248291379	6.59375586647608	1.77500045603566	0.182764441982448	NA	1.16139085242239	0.838137283813472	-0.954754451982278	chr2	144520152	144520208	57	-	0	0	0	0	4	1	3	2	0	0	ENST00000465070.5,ENST00000636471.1,ENST00000636445.1,ENST00000636026.2,ENST00000637267.2,ENST00000465308.5,ENST00000444559.5,ENST00000675069.1	NA
ENSG00000169554.23:E100	ENSG00000169554.23	E100	0.216728941058642	6.81230782594642	2.35458513109361	0.124915113523129	NA	0.541823254278226	0.767162334852921	1.00961976100205	chr2	144520209	144520332	124	-	0	0	0	0	3	1	1	0	0	1	ENST00000465070.5,ENST00000636471.1,ENST00000636026.2,ENST00000465308.5,ENST00000675069.1	NA
ENSG00000169554.23:E101	ENSG00000169554.23	E101	0.0951398696315709	20	1.01807809674466	0.312975324157839	NA	0.35386070396118	0.507273318777219	1.0419425817545	chr2	144520333	144520351	19	-	0	0	0	0	2	0	0	0	0	1	ENST00000465308.5,ENST00000675069.1,ENST00000636471.1,ENST00000636026.2	NA
ENSG00000169554.23:E102	ENSG00000169554.23	E102	0.0951398696315709	20	1.01807809674466	0.312975324157839	NA	0.35386070396118	0.507273318777219	1.0419425817545	chr2	144520352	144520361	10	-	0	0	0	0	2	0	0	0	0	1	ENST00000629520.2,ENST00000636471.1,ENST00000636445.1,ENST00000636026.2,ENST00000465308.5,ENST00000444559.5,ENST00000476394.5,ENST00000675069.1	NA
ENSG00000169554.23:E103	ENSG00000169554.23	E103	0.0625795048210392	20	0.972466000922765	0.324065934519751	NA	0.35386070398721	0.380280209780803	0.208170690670317	chr2	144520362	144520362	1	-	0	0	0	0	1	0	0	0	0	1	ENST00000629520.2,ENST00000636471.1,ENST00000636445.1,ENST00000636026.2,ENST00000444559.5,ENST00000476394.5,ENST00000675069.1	NA
ENSG00000169554.23:E104	ENSG00000169554.23	E104	0.0625795048210392	20	0.972466000922765	0.324065934519751	NA	0.35386070398721	0.380280209780803	0.208170690670317	chr2	144520363	144520364	2	-	0	0	0	0	1	0	0	0	0	1	ENST00000629520.2,ENST00000636445.1,ENST00000636026.2,ENST00000444559.5,ENST00000476394.5,ENST00000675069.1	NA
ENSG00000169554.23:E105	ENSG00000169554.23	E105	0.0625795048210392	20	0.972466000922765	0.324065934519751	NA	0.35386070398721	0.380280209780803	0.208170690670317	chr2	144520365	144520374	10	-	0	0	0	0	1	0	0	0	0	1	ENST00000636445.1,ENST00000636026.2,ENST00000444559.5,ENST00000476394.5,ENST00000675069.1	NA
ENSG00000169554.23:E106	ENSG00000169554.23	E106	0.0625795048210392	20	0.972466000922765	0.324065934519751	NA	0.35386070398721	0.380280209780803	0.208170690670317	chr2	144520375	144520381	7	-	0	0	0	0	1	0	0	0	0	1	ENST00000636026.2,ENST00000444559.5,ENST00000636445.1,ENST00000476394.5	NA
ENSG00000169554.23:E107	ENSG00000169554.23	E107	0.0625795048210392	20	0.972466000922765	0.324065934519751	NA	0.35386070398721	0.380280209780803	0.208170690670317	chr2	144520382	144520386	5	-	0	0	0	0	1	0	0	0	0	1	ENST00000636026.2,ENST00000444559.5,ENST00000476394.5	NA
ENSG00000169554.23:E108	ENSG00000169554.23	E108	0.0325603648105316	20	1.1506775250767	0.283407364815625	NA	0.00525969034538876	0.380280209330912	12.354925029245	chr2	144520387	144520398	12	-	0	0	0	0	1	0	0	0	0	0	ENST00000636026.2,ENST00000444559.5	NA
ENSG00000169554.23:E109	ENSG00000169554.23	E109	0.0325603648105316	20	1.1506775250767	0.283407364815625	NA	0.00525969034538964	0.380280209330911	12.3549250292446	chr2	144520399	144520400	2	-	0	0	0	0	1	0	0	0	0	0	ENST00000444559.5	NA
ENSG00000169554.23:E110	ENSG00000169554.23	E110	0.317352911586172	6.50564908417661	2.39077947055904	0.122052757895438	NA	0.620511246327657	0.900991131167602	1.08507791097353	chr2	144520556	144521057	502	-	0	0	0	0	5	1	0	0	1	1	ENST00000637267.2	NA
